GivenName,Surname,StreetAddress,Title,Username,Password,Country,TelephoneNumber,Occupation
Sean,Green,"220 Desert Broom Court",Mr.,Wentown,Ceiph1Qu,US,201-780-2070,"Administrative supervisor"
Erin,Cruz,"3090 Irish Lane",Mrs.,Andlever,eif7eeNozu,US,608-778-7470,"Job developer"
Herbert,Mandell,"809 Goodwin Avenue",Mr.,Stered,ohsheeke4ANg,US,509-442-8054,"Detention officer"
Russell,Farrel,"10 Hedge Street",Mr.,Tuouly,oqu8ohKu7g,US,908-607-3465,"Documentation specialist"
Adrianna,Wright,"4645 Ward Road",Ms.,Noutiones,Uuch5lie,US,914-943-6214,"Microbiology technologist"
Charles,Bowers,"3490 Fire Access Road",Mr.,Membech,HaPah0wai,US,336-849-9712,"Construction millwright"
Patricia,Gray,"4485 Jewell Road",Mrs.,Coulausping1972,aigh7ca5aPh,US,612-667-6460,Treasurer
Sally,Williams,"3719 Asylum Avenue",Ms.,Thfuntlee,QueW7vi0toh,US,203-744-2769,"Public relations manager"
John,Hoover,"3824 Mulberry Lane",Dr.,Almou1997,Aiph6ohR,US,561-825-2137,"Staff development director"
Sheryl,Tobler,"4955 Kinney Street",Ms.,Sencong,caC9ooquohCh,US,413-556-1548,Bookbinder
Awilda,Fox,"4563 Hiddenview Drive",Ms.,Thempailoved,iegh0OhCuph,US,215-971-1836,"Metal-refining furnace operator"
Megan,Adams,"2699 Allison Avenue",Ms.,Equadvance,cho2teiY,US,757-548-7688,"LAN manager"
Conrad,Brockington,"2522 Geneva Street",Mr.,Clowed,famogiNga9j,US,917-422-5456,"Finance officer"
Joshua,Green,"2023 Stroop Hill Road",Mr.,Everthen,CieQuaGh5,US,404-896-7994,Broker
Cassandra,Ellis,"1446 Bobcat Drive",Mrs.,Lictur,pahph6iQu,US,240-994-5522,"Range scientist"
Eric,Hockensmith,"3675 Ash Street",Mr.,Thoillody,kaBaJe6thoo,US,972-883-7763,"Urban and regional planner"
Philip,Cortinas,"4480 Sherwood Circle",Mr.,Nonon1977,Queigh2aek,US,337-295-2606,"Clinical psychologist"
Andre,McDaniel,"3451 Stratford Drive",Mr.,Phyan1960,wie4IT0b,US,808-381-1407,"Secretarial assistant"
Kris,Harris,"184 Williams Lane",Mrs.,Quinnow,ier3Iwai,US,316-706-7050,"Aerospace engineering and operations technician"
Gloria,Tanguay,"1773 Lowland Drive",Ms.,Havistries76,zuek1Wae9gae,US,815-421-8369,"Health care administrator"
George,Cannon,"3903 Still Street",Mr.,Strust,chooP8ooc,US,419-660-9499,"Apartment house manager"
Roger,Maher,"3824 Hilltop Street",Mr.,Contable,YeVieP6Ie,US,413-650-1665,"Machine setter"
Debra,Ethier,"2354 Lowland Drive",Mrs.,Ality1971,eetah2ieci6Be,US,815-385-8737,"Procurement technician"
Edna,Pinner,"1764 Irving Road",Mrs.,Manned,uuVaig5Oo,US,740-476-2677,"Claims examiner"
Phyllis,Messer,"2200 Tully Street",Ms.,Plesn1972,hieWiek2aiB,US,313-584-8489,"Loan officer"
Carlos,Kelly,"1293 Green Street",Mr.,Lestathe,Ahf0choo8,US,615-555-0387,"Medical illustrator"
Amelia,Stone,"1453 Bubby Drive",Mrs.,Lostaing67,Ooj4ew4i,US,512-363-7261,"Medical appliance technician"
Margaret,Farmer,"651 Snowbird Lane",Ms.,Unjudosely,ke2dahTooqu,US,402-733-2212,"Poultry farmer"
Troy,Dodds,"2805 Duffy Street",Mr.,Hatesel,Ti3hei5chojai,US,219-808-2837,"Log mover"
Adrian,Holiday,"3998 Irving Place",Mr.,Tharea1956,wei9Nochoox,US,636-282-5970,"Certified athletic trainer"
Millie,Barnes,"3455 Red Dog Road",Mrs.,Itimpookind,Rew3Ieloh,US,704-339-7393,"Taxi driver"
Julie,Patel,"2764 Pike Street",Mrs.,Selithe64,ahfooG8pai,US,858-455-7813,"Aquatic biologist"
Barbara,Allen,"1994 Church Street",Ms.,Thenexpecia,hi4Zee9Loo,US,718-442-6598,"Respiratory nurse"
Marguerite,Hayes,"4089 Half and Half Drive",Mrs.,Brombon,ul2Ool0aeB,US,561-214-4343,"Excavating operator"
Bridgett,Warren,"137 Kimberly Way",Mrs.,Heak1983,reeN4Quae,US,616-848-5677,"Small engine service technician"
Pamela,Mayer,"2257 Johnstown Road",Ms.,Thill1996,nahw7Emoh,US,847-417-3236,"Desktop publishing editor"
Karen,Garrison,"2823 University Hill Road",Ms.,Saive1978,ahT1eish6u,US,217-532-5591,"Loan officer"
Makeda,Carvalho,"3486 Stewart Street",Mrs.,Ablogneydget99,baF9tooth,US,317-701-3685,"Electronic prepress technician"
Edwin,Segura,"4367 Short Street",Mr.,Priked,Ree9ti2Va,US,512-983-7694,"Organic chemist"
Robert,Cooper,"3149 Simpson Square",Mr.,Forto1998,voh8Aekoh,US,580-688-6930,"Fiscal and policy analyst"
Donna,Bradshaw,"1338 Camden Street",Mrs.,Hinglew91,Heib2Shev1,US,775-333-5269,Paperhanger
Catherine,Michels,"3048 Coal Street",Mrs.,Betand,Jah5ahl6ohPh,US,814-291-5652,"News photographer"
Sunni,Campbell,"370 Cerullo Road",Mrs.,Mucatinter,noYeicoo6sh,US,502-432-7161,"Computer training specialist"
Glenn,Mathews,"1180 Bartlett Avenue",Mr.,Wifunds,Kahch3aeh8,US,248-495-1880,"Heat treating equipment setter"
Katherine,Jackson,"4910 Round Table Drive",Mrs.,Objecis,aicaeLux9p,US,513-864-0736,"Rock splitter"
Mabel,McPeak,"4644 Colony Street",Mrs.,Affeentogy,Chierie9zoo,US,203-323-6161,"Surveillance officer"
Douglas,Hein,"773 Wilkinson Court",Mr.,Kingstrus,ophoom1eL,US,239-537-5396,"Construction electrician"
Robert,Webb,"3458 Flanigan Oaks Drive",Mr.,Thearted,phie8Thuboa,US,301-401-6948,Paymaster
Seth,Blake,"2883 Maxwell Farm Road",Mr.,Rearmiend,Eiqu8aewu,US,530-986-8108,Hairdresser
Douglas,Perkins,"2006 Maple Street",Mr.,Hantivane79,eSh3aeSof,US,714-379-1097,"Highway maintenance worker"
Arthur,Morrison,"348 Ethels Lane",Mr.,Hents1988,ievahd3Wie,US,863-784-1529,"Heat treating equipment tender"
Virginia,Nelsen,"2699 Harvest Lane",Ms.,Awar1993,peiz8Oofoo,US,660-986-8609,"Parking lot attendant"
Kristen,Crowder,"1028 Watson Street",Ms.,Stratersest73,OocaCheep6,US,609-822-7764,"Video editor"
Claudia,Prime,"3642 New York Avenue",Mrs.,Theyet,aigaFai4ad,US,817-979-3794,"Real estate broker"
William,Stanton,"1494 Red Maple Drive",Mr.,Forrosiver,Axi2soh8L,US,323-419-6420,"Tax assessor"
Megan,Christensen,"2160 Selah Way",Mrs.,Famak1990,NohPhoh8ua,US,802-704-4905,"Machine feeder"
Bruce,Dison,"4898 North Street",Mr.,Worde1994,uVee5rav1bah,US,434-982-4585,Microbiologist
James,Silvers,"1165 Platinum Drive",Mr.,Wathre91,oMi4veiwohb,US,724-833-1298,"Log mover"
Allison,Holcombe,"1529 Summit Park Avenue",Ms.,Props1986,awieM7Uph,US,248-944-2363,"Accounting clerk"
Kelly,Ritchie,"419 Fairfax Drive",Ms.,Whishichan65,Eiw8Lu1ath,US,908-954-0285,"Floral designer"
Stephen,Rosenbaum,"1966 Dark Hollow Road",Mr.,Beffloofelf,aquad0Ef,US,609-239-0550,"Speech pathologist"
Doyle,Jones,"4407 Eva Pearl Street",Mr.,Mucconothave,ki6oo8eshoN,US,225-522-1053,"Transportation inspector"
Wilson,King,"774 Jennifer Lane",Mr.,Rous1967,Qua4kei2aiB,US,919-461-2230,"Chief financial officer"
Anthony,Bean,"1586 Small Street",Mr.,Himer1980,Sha6Nai2,US,212-827-2203,"Labor trainer"
Joe,Woods,"2308 Sardis Station",Mr.,Werelf,lah9Quu6Eed,US,612-387-2268,"Market research manager"
Michael,McDaniel,"1270 Johnny Lane",Mr.,Stletter,ooc7Xorei,US,414-294-2071,"Allopathic surgeon"
Andrew,Montiel,"1591 Ryan Road",Mr.,Toonow1984,Eonil4kooquu,US,605-655-6072,Electrician
Curtis,Shaw,"783 Gandy Street",Mr.,Exione1976,eiM6ahhae,US,314-973-6624,"Geographic information specialist"
Victor,Akin,"1735 Center Avenue",Mr.,Lowl1989,AemieRoo5ohch,US,559-364-3068,"Industrial engineer"
Steven,Castillo,"3033 Brentwood Drive",Mr.,Flaul1956,nouBootei9Dah,US,512-804-3446,"Chiropractic doctor"
Kenneth,Apodaca,"4505 Sardis Sta",Mr.,Poold1964,timoh9ohc2Oo,US,817-686-7808,"Bench carpenter"
Monica,Larson,"4104 Rebecca Street",Mrs.,Riets1985,Hiekei5Kain,US,847-754-0964,"Assistant property manager"
Jenifer,Fritts,"4595 Southern Avenue",Mrs.,Spoe1992,thaS0ni9ohg,US,641-315-6452,"Financial economist"
Gina,Long,"1701 Still Pastures Drive",Ms.,Fewome,Aeghoh8z,US,803-454-1733,"Human resources director"
Etta,McDaniel,"875 Garrett Street",Mrs.,Repliseen,chahj5Aequ,US,267-989-7043,"Assistant cook"
Nellie,Gaddis,"1279 Sycamore Circle",Ms.,Kilve1982,Woph2wou,US,682-267-5496,"Scientific photographer"
Gilberto,Harris,"2482 Eagle Drive",Mr.,Dinials,oobeeGoh0,US,734-785-3766,"Audio control engineer"
Jeffrey,Shaw,"3088 Tenmile Road",Mr.,Ormin1979,eeTohmor5,US,781-766-8937,"Reactor operator"
Dallas,Garcia,"2777 Hart Ridge Road",Mr.,Tiond1961,aiXei3imoh,US,989-257-4236,"Library media assistant"
Georgia,Ma,"900 Friendship Lane",Mrs.,Gretwee,oeS3Lab9f,US,408-668-2854,"Field sales supervisor"
Brandon,Freeman,"2084 Summit Park Avenue",Mr.,Casere,Ai4Aphahcia,US,248-942-0777,"Office support team leader"
Lara,Cooley,"3400 Northwest Boulevard",Mrs.,Whany1968,nei4naePh,US,201-938-7938,"Training manager"
Jason,Lay,"4619 Christie Way",Mr.,Guemon,Ucheiz2eem,US,978-749-9023,President
Mary,Howard,"2406 Fire Access Road",Ms.,Dworter,Quaic9ouNg,US,336-835-2970,"Cutting, punching, and press machine operator"
Richard,Looney,"1510 Holt Street",Mr.,Thavou,Heixeo3ai,US,561-340-6986,"ESOL teacher"
Jay,Nowak,"3687 Thunder Road",Mr.,Sittle,eecoo5mieQu,US,650-567-0305,"Marble setter"
Patrick,Tibbs,"2091 Peck Street",Mr.,Ught1963,Va5nahghie,US,603-869-6667,"Environmental protection officer"
Mark,Talley,"4362 Pritchard Court",Mr.,Hictin72,eedamai9Fah,US,507-407-4927,Handymen
Martha,Ryan,"1195 Vernon Street",Mrs.,Buieful,Uv4shoongoo,US,760-630-8183,"Sports trainer"
Todd,Fulford,"3731 Marshall Street",Mr.,Nothen,fozeem3Lomae,US,410-675-9538,"Lift truck operator"
Susanna,Straub,"711 Boone Street",Ms.,Slicesed74,eiDie7iegho,US,361-270-4705,"Biomedical equipment technician"
Ami,Jefferson,"100 Cost Avenue",Mrs.,Exisparbace,odunaoThou7g,US,301-408-5570,"Administrative leader"
Maria,Witt,"3745 Randolph Street",Mrs.,Hurp1985,new0tei0Uo,US,508-665-4648,"Motorcycle mechanic"
Lottie,Larsen,"2886 Tator Patch Road",Dr.,Scrutunarace,eQu5woogai,US,312-830-1391,"Process pipeline drafter"
Charles,Wilkinson,"3966 Kelly Drive",Mr.,Coureat,reik5ij8yaGh,US,304-826-2560,"Real estate closer"
Jennifer,Thomas,"2181 Brighton Circle Road",Ms.,Namintaid,Wadu4eibahph,US,320-632-3359,"Blankbook binding worker"
Donnie,Gries,"187 Breezewood Court",Mr.,Aboys1990,teicun9Ea4,US,620-370-5792,Gerontologist
Daryl,Gotcher,"4018 Aaron Smith Drive",Mr.,Threatheen,ohwi6Rie1Ie,US,717-776-5881,Plumber
Sue,Pierce,"3426 Honeysuckle Lane",Mrs.,Prewn1985,Rua0aogu2e,US,360-580-1873,"Urban and regional planner"
Robert,Allen,"975 Dale Avenue",Mr.,Lors1992,EDeiphoos6,US,253-875-0347,"Lease driver"
Kyle,Davis,"4843 Spring Street",Mr.,Warad1989,Iewae6op,US,217-833-6153,"Power plant operator"
Julieta,Jackson,"4571 Tea Berry Lane",Ms.,Butionfoned89,wae6ohDa,US,715-784-7709,"Mathematical technician"
Tony,Freeman,"2915 Tennessee Avenue",Mr.,Therfull,ahDee9egah,US,248-334-4368,Cartographer
Carla,Fussell,"1043 Tipple Road",Dr.,Siturls,Fah3oa9phoh,US,215-753-0089,Broker
Ethel,Cannella,"2625 Rodney Street",Mrs.,Wadboy,goh6Lai2ah,US,636-524-5313,"Payroll specialist"
Julie,Pilla,"357 Cecil Street",Ms.,Yesom1968,thooW5Quah,US,312-304-2267,"Insurance sales agent"
Margaret,Jones,"2438 Raintree Boulevard",Mrs.,Sion1957,Xo1iafeim4,US,763-856-2030,"Landscape contractor"
Andrea,Quinones,"1086 Fancher Drive",Ms.,Sournewaid1966,ToaRa9be,US,214-312-7594,"Dental surgeon"
Anja,Turner,"2152 Emily Drive",Mrs.,Aidn1963,oobasohz4Yai,US,803-977-1243,"Bill and account collector"
Robert,Garcia,"72 Timbercrest Road",Mr.,Saighterse,xohy2Ew6oGhie,US,907-723-0946,"Loan collection officer"
Jim,Flynn,"645 Hidden Meadow Drive",Mr.,Thempheince,aim4Yiecah,US,701-752-6080,"Systems programmer"
Brian,Jasper,"2417 Maryland Avenue",Mr.,Walf1986,iPh8Iush,US,727-544-7089,Author
David,Tate,"3135 Reel Avenue",Mr.,Anden1991,ieNgai0ae,US,505-388-5823,"Auto damage appraiser"
Blanche,Lindo,"157 Brooke Street",Ms.,Warchat,Juedai6h,US,713-697-3659,"Forest and conservation worker"
Brett,Snyder,"4957 Timberbrook Lane",Mr.,Ataked,ouL0Reezei,US,970-320-7963,"Apartment manager"
Kevin,Hernandez,"1769 Cimmaron Road",Mr.,Plescruslow,AhWah1iequ,US,714-539-6132,"Medical interpreter"
Ashley,Corning,"3130 Bernardo Street",Ms.,Covelf1961,ieXo1Iejee,US,812-949-5082,"Telephone line installer"
John,Vandenbosch,"2602 Foley Street",Mr.,Clany1964,Shee7Ohko5,US,954-632-1150,"Maintenance machinist"
Jason,Parker,"2752 Clair Street",Mr.,Inforent1979,Pishie6eShu,US,254-657-5202,"Clinical social worker"
Sarah,Snow,"1713 Spinnaker Lane",Ms.,Thromparsus,Xae5Siegh,US,815-687-2305,Carpenter
Joseph,Page,"905 Alexander Drive",Mr.,Pridn1967,chaeD0it0,US,940-362-8781,"Fence erector"
Diane,Bailey,"3419 Sharon Lane",Ms.,Sterly,The0nucahoo,US,574-209-7240,"Oxygen therapist"
Jason,Fair,"2503 Scenicview Drive",Mr.,Perrappe,UHig5engasiZ,US,425-977-8900,Scaler
John,High,"3637 Hartway Street",Mr.,Acket1987,eeNo1cho6Ah,US,605-823-1820,"Communications specialist"
Catherine,Patterson,"3982 Marcus Street",Ms.,Abothe1991,iefek5ahZ,US,256-620-1821,"Head hunter"
Ana,Lima,"1066 Harley Vincent Drive",Ms.,Pritterpron,Aicoo3bei,US,440-770-5920,"Fiscal technician"
Charles,Bunce,"2958 Ethels Lane",Mr.,Anor1978,ahNgee4oeg,US,863-666-2901,"Food science technician"
Dana,Brown,"2716 Carter Street",Mrs.,Suremposelve1975,eizae4Udah,US,618-753-9912,"Support clerk"
Steven,Terrell,"4467 Fire Access Road",Mr.,Patml1974,iz6Jodeng,US,336-831-7384,"Rooms manager"
Kevin,Ashton,"2157 Radford Street",Mr.,Flonight,phiep5Uo0c,US,502-310-8668,"Corporate trainer"
Maria,Corry,"2777 Haven Lane",Mrs.,Fatersainat,uuMi0yo9ee,US,517-630-4507,"Data entry worker"
Melissa,Mathias,"3983 Edgewood Road",Ms.,Plakend1959,Ua7aehio3,US,901-257-7216,"Fire dispatcher"
Michelle,Gerber,"533 Meadowview Drive",Mrs.,Geords,eNg9xaigo,US,540-784-1075,"Industrial machinery mechanic"
Adam,Anderson,"1451 Saints Alley",Mr.,Othar1995,pha8ahD2,US,813-650-6511,"Compensation, benefits, and job analysis specialist"
Maria,Sipos,"3496 Rodney Street",Ms.,Troich1982,ieDahn6egh,US,636-479-9818,"Tool sharpener"
Zaida,Bentley,"2836 Fairway Drive",Mrs.,Anum1988,shee5eiRae3j,US,707-452-7778,"High school counselor"
Cindy,Breese,"104 Payne Street",Ms.,Otibitepar,thee5Phoh,US,276-835-1547,Cinematographer
Hector,Cundiff,"1057 Dawson Drive",Mr.,Sentes,Aig7Hair0te,US,501-920-0300,"Support service manager"
Samuel,Mack,"559 Glory Road",Mr.,Behinscathe1989,Aeyee5loo,US,931-914-1039,"Asphalt paving machine operator"
Gary,Fleenor,"517 Buckhannan Avenue",Mr.,Quisintly,EkeiLae7EiPh,US,315-427-5946,"Immigration and Naturalization Service (INS) agent"
Roseann,Hoffman,"3601 Still Street",Ms.,Prilder,quailae1uZ,US,419-695-3989,"Hardware engineer"
Thomas,Torrez,"3113 Ersel Street",Mr.,Afriallifuld,aatei1Ee,US,214-441-4304,"Card punching machine operator"
Maria,Fitzsimmons,"2084 Upton Avenue",Ms.,Whictopis,uph2gahYa,US,207-865-3792,"Television announcer"
Mark,Smith,"1833 Lincoln Drive",Mr.,Runduarsted,pheeghaiY5,US,717-615-3313,"Recruitment manager"
Vincent,Lund,"2313 Palmer Road",Dr.,Thisheatch1999,Aamua8gae,US,614-716-1815,Stratigrapher
Richard,Ayers,"2893 Nutter Street",Mr.,Therin,taic6Aeta,US,816-303-2010,"Greenhouse manager"
Andre,Priddy,"3953 Center Street",Mr.,Deave1983,muo0Oevo,US,559-222-3996,"General practitioner"
Carrie,Bassett,"4269 Broaddus Avenue",Ms.,Hisist1962,thei8Angi2ae,US,270-272-0876,"Employment recruiter"
Kevin,Dixon,"244 Byers Lane",Mr.,Nempecovest,Wae2aixoith,US,530-757-4197,"Metallurgical engineer"
Kathleen,Phillips,"3554 Langtown Road",Mrs.,Maks1983,Chuzam9aeNg,US,567-235-5464,Meatcutter
Mary,Gordon,"3183 White Oak Drive",Ms.,Sookes,Acuz2iyoh2,US,816-734-1800,Announcer
Carol,Roundy,"2963 Laurel Lane",Ms.,Frive1961,uiloo8ooy7U,US,432-523-7651,"Agricultural engineer"
Federico,Alderman,"2524 Bridge Street",Mr.,Gingee,pif0Eip7h,US,918-937-6532,"Tire changer"
Timothy,Acosta,"125 Barnes Avenue",Mr.,Ount1980,uaCiec5miv,US,513-617-6319,"Finance officer"
Emmanuel,Burke,"3808 Kenwood Place",Mr.,Chme1998,eezoo9Eijei,US,954-521-9225,"Risk and insurance manager"
Debra,Butler,"4500 Hide A Way Road",Ms.,Linevereting,Peej7fepeem,US,407-999-2381,"Revenue officer"
Harold,William,"2726 Pearl Street",Mr.,Upoettly,ODa7Egh0jeu3,US,916-348-6650,"Heating equipment technician"
Justin,Holland,"3531 Glen Falls Road",Mr.,Wrid1967,Rue7aeth,US,215-900-2607,"Technical trainer"
Latoya,Reed,"708 Coal Street",Ms.,Onlaceing,Phouho1r,US,814-341-4024,"Chiropractic doctor"
Theresa,Ryals,"3035 Ruckman Road",Ms.,Dequed,aeP1neec6ei,US,405-802-5743,"Brokerage clerk"
Roxanne,Burns,"4780 Barnes Street",Ms.,Ofteemontly,Aithohle6ei,US,407-351-7260,"Safety specialist"
Lloyd,Burke,"1690 Saint Marys Avenue",Dr.,Surempe,Ahmo3ahka4,US,315-834-8600,"Production cost estimator"
Floyd,Jones,"2984 Cantebury Drive",Mr.,Goice1959,ShaaVi4f,US,646-548-3116,"Library technician"
Crystal,Adams,"630 Patterson Street",Mrs.,Lilecomman,roPh6koox,US,713-298-9268,"Construction electrician"
Terry,Terry,"3418 Sycamore Lake Road",Mr.,Whok1977,eemai7iho7Ph,US,920-401-3188,"Construction millwright"
Jim,Hall,"3533 Joyce Street",Mr.,Fesse1971,Nee1ib2oa,US,251-747-1161,"Consultant dietitian"
Curtis,Brown,"4237 Michael Street",Mr.,Wentre,dohha3teiVie,US,713-736-7805,"Assistant cook"
Edie,Jones,"1660 Bee Street",Ms.,Alefoulader,Eidai1Aidaa,US,231-793-6723,"College instructor"
Victoria,Jones,"4155 Tecumsah Lane",Ms.,Relf1995,UoY6Eixee,US,319-242-9349,"Pesticide sprayer"
Arnold,Delvalle,"1621 Medical Center Drive",Mr.,Frefacluste,Deu0Cuoth3ia,US,941-586-2390,"Medical technician"
Miranda,Watson,"208 Hanover Street",Mrs.,Shoebethe1990,Quie4Dii,US,917-683-5375,Archivist
Cornelia,Roldan,"1452 Marcus Street",Ms.,Thimakeent,sai3aQu8iuz,US,256-584-1943,Playwright
Paul,Brann,"2905 Moonlight Drive",Mr.,Junted1966,Tieb6joigh,US,609-558-3540,"Employment manager"
Deborah,Pittman,"1158 Better Street",Mrs.,Routionce,Ohtheto8aith,US,913-390-9607,"Management dietitian"
Maria,Dick,"3782 Clay Street",Ms.,Whimigh,Eevoh5siitie,US,317-412-6340,"Transplant nurse"
Corinna,Miller,"2650 Stanley Avenue",Mrs.,Cance1988,ePieGoo1ieng,US,516-560-6276,"Construction manager"
Michael,Smith,"4690 Fowler Avenue",Mr.,Heseadeve,yae4Jou9,US,770-251-4779,Host
Mary,Jackson,"4422 Jerry Toth Drive",Ms.,Ouraing,aeTh7hoo,US,907-564-8768,"Purchasing agent"
Charles,Smith,"3739 Francis Mine",Mr.,Utaltorge,Om4eix0zai,US,530-269-1412,"Life skill counselor"
Rachael,Dixon,"3417 Marigold Lane",Mrs.,Thessaince74,cohw2Ahho,US,305-437-4906,"Cargo and freight agent"
Mary,Strine,"2052 Simpson Square",Mrs.,Wrosixer,Iephi3Xio,US,580-595-9346,"Film processing technician"
Steven,Jones,"3524 Brooke Street",Mr.,Hight1970,soocha0Oof6,US,713-620-8214,"Medical technologist"
Kerry,Samuels,"2075 Southern Street",Mr.,Shoonce,eedeixooY0yah,US,516-653-2085,"System operator"
Donald,Turner,"4716 Jones Avenue",Mr.,Thoseen,EeC9aivee0,US,336-760-2048,"Customer services manager"
Ashley,Bravo,"3479 Lynn Avenue",Ms.,Rall1991,Ish6nash,US,715-569-5538,"Sewer pipe cleaner"
Maureen,Garcia,"1539 Still Pastures Drive",Mrs.,Grele1965,Aej2ree3,US,803-469-0396,Brickmason
Ellen,Warren,"3103 Kessla Way",Ms.,Sagooretted,aechae9Aj,US,843-354-8416,"Credit checker"
James,Randall,"4934 Doe Meadow Drive",Mr.,Doultitene1999,cootohfieY8,US,301-517-2812,"Cost/investment recovery technician"
Florence,Larson,"2005 Carriage Lane",Mrs.,Dirarew,Roo2Eerai,US,570-220-7956,Midwife
Iris,Axtell,"1339 Stone Lane",Mrs.,Agied1981,Ungoh5Ieh,US,610-362-2398,Attorney
Dean,Welsh,"1724 Settlers Lane",Mr.,Wersed,queidot0Cie,US,917-818-6932,"Tank car, truck, and ship loader"
John,Ortiz,"3375 Star Route",Mr.,Hicar1969,umie7ooBenee,US,708-605-6420,"Training and development manager"
Eloise,Hill,"164 Burwell Heights Road",Ms.,Camagirse,ooD0rohngua,US,409-585-8275,Arbitrator
Connie,Calhoun,"4746 Baker Avenue",Ms.,Nich1978,thureitee0Ae,US,817-883-9709,"Bus mechanic"
Curtis,Davis,"3948 Conference Center Way",Mr.,Douncestably,Ia9ahKuaPh,US,570-994-4728,"Rigging slinger"
Michael,Flores,"2577 Broad Street",Mr.,Explen,Ahm4yohgo6d,US,205-540-2599,Trapper
Lauren,Peterson,"1039 Emeral Dreams Drive",Mrs.,Lentoons,Ahno0uemie,US,815-331-2447,"Data entry worker"
Carolyn,Kennedy,"2261 Stratford Park",Mrs.,Hort1981,oov1aeThaya,US,812-855-0943,"Procurement technician"
William,Dixon,"1438 Rafe Lane",Mr.,Exprow,Ohr7Ku1qu,US,662-719-5636,"Cooling and freezing equipment operator"
Jose,Torres,"4356 Pearl Street",Mr.,Inflaing75,zaig0NeiH3ah,US,916-376-8560,"Mine safety engineer"
Ralph,Mason,"513 Marietta Street",Mr.,Dinsed,ieQu6aef3I,US,707-563-7984,"Paper coating machine operator"
Ricardo,Close,"1573 Quilly Lane",Mr.,Posere,eiL9ohpo,US,614-582-6549,"Personal financial advisor"
Chris,Hernandez,"2002 Hilltop Drive",Mr.,Harmuden59,sheij4neiG3,US,806-352-2454,"Front office manager"
Michael,Green,"998 Lynch Street",Mr.,Humorstoo,QuooP5Oi7ei,US,920-954-8248,"Museum director"
Melissa,Davis,"4709 Nash Street",Ms.,Hounts,aejuGhu7cie,US,313-216-0067,"Ambulance dispatcher"
Lana,Grayson,"3262 Oakwood Avenue",Ms.,Voll1996,ooghuun8V,US,212-679-1620,"Power plant distributor"
Willie,Mercado,"3605 Copperhead Road",Mrs.,Dommondke,OhKaecahR1qu,US,860-606-9074,"Transportation equipment painter"
Sara,Holt,"338 Lynn Ogden Lane",Ms.,Tholl1991,nohY2Eil,US,409-833-7760,"Semiconductor processor"
Christopher,Valdez,"4152 Raver Croft Drive",Mr.,Saimple,aqueeh0Oo,US,423-699-3920,"Telecommunications equipment repairer"
Carol,Flanigan,"2102 Coleman Avenue",Ms.,Seend1987,DieJ1eejei,US,760-828-8241,"Deputy sheriff"
Christie,Parsons,"2729 Platinum Drive",Ms.,Tionvits,ESePh2li,US,724-754-9931,"Medical transcriptionist"
Jean,McFarlane,"3889 Byrd Lane",Ms.,Eque1966,Iejeig1Ah,US,505-286-7256,"Ordnance handling expert"
Vicki,Fulton,"1818 Anmoore Road",Ms.,Demusbace,quied7Oo,US,718-809-5881,"Customer services manager"
Linda,Carswell,"1914 Dale Avenue",Ms.,Thealabour,ai5oov6AeSh,US,253-882-4528,"Environmental engineering technician"
Dale,Lantigua,"3781 Chardonnay Drive",Mr.,Wour1994,kah4ueb3oiC,US,360-213-0168,"Radiation protection technician"
Amos,Laverriere,"4334 Mulberry Avenue",Mr.,Tharang,Quee6ugh7,US,501-352-2483,"Parking lot attendant"
Jeffrey,Berumen,"570 Hillcrest Drive",Mr.,Wituareard,ooqu9Ahbahsh,US,253-323-0048,"Hardware engineer"
Jose,Beede,"405 Hickory Ridge Drive",Mr.,Offily1979,ieph5Eixaith,US,702-699-9675,"Independent insurance agent"
Richard,Hui,"2875 Turkey Pen Lane",Mr.,Rintormus1998,Opethie0d,US,334-476-8693,"Sound engineering technician"
Joseph,Leonard,"1221 Lindale Avenue",Ms.,Puzed1998,esh9Is3da,US,510-531-8724,"Long-term care facility nurse"
Steven,Barnes,"3187 Melody Lane",Mr.,Frach1971,Okieshaig2,US,804-397-0436,"Surgical technician"
Rebecca,McKim,"3201 Poplar Avenue",Ms.,Liamel1976,Bah9shaengi,US,619-516-2553,"Transmitter operator"
Kevin,Henry,"300 Fleming Way",Mr.,Mosperwrongs,bah3yeiGh4s,US,804-667-9143,"Airline steward"
Danuta,Gonzalez,"1059 Bicetown Road",Ms.,Wentiont,kohgo3Ree,US,917-390-3897,Obstetrician
Michael,Alford,"3393 Libby Street",Mr.,Boulciance,che8eiMik0,US,310-304-6639,"Recruitment consultant"
Roger,Utterback,"1505 Wexford Way",Mr.,Manned,Daegu0hahsh,US,803-331-4612,Adjuster
Denis,Conklin,"3556 Ash Avenue",Mr.,Racerfored1990,eeFai6paepie,US,314-904-7976,"Regional planner"
Maribel,Christie,"4328 Robinson Court",Mrs.,Avery1963,ubie9xuSh,US,989-412-1528,"Merchandise window trimmer"
Judith,Burrows,"435 Cambridge Court",Ms.,Deaverm86,eut1theu1Ue,US,479-967-1715,"Office administrator"
Beulah,Boyd,"3197 Beechwood Drive",Mrs.,Lanstritally,Aisie6ee,US,410-976-1860,"Mobile heavy equipment service technician"
Kim,Mueller,"1847 Victoria Court",Ms.,Trong1988,weeJahn0,US,207-512-3758,"Pretrial services officer"
Joseph,Jepson,"4970 Andell Road",Mr.,Sciewher,OhNg7xos0Ah,US,615-252-3323,Taper
Leonard,Graham,"3608 Charmaine Lane",Mr.,Ectiseethe1975,aeC5mei0Ahng,US,806-528-4496,"Child care worker"
Ted,Davies,"4842 Nutter Street",Mr.,Thenertabou,ENiveu2oh,US,816-202-4433,"University faculty"
Cory,Terry,"512 Comfort Court",Mr.,Nore1978,Ahxohke8,US,608-261-2109,"Training coordinator"
Curtis,Campbell,"4279 Poling Farm Road",Mr.,Earmeard,Phoo7taD8r,US,402-372-0559,Jailer
Tracy,Torrence,"1630 Raintree Boulevard",Mr.,Thereve,hah5oNgaeNa,US,765-205-9078,"Surgical nurse"
Melinda,Muller,"1511 Westwood Avenue",Mrs.,Yeadeve,eochei2Woo,US,516-837-2139,"Defense attorney"
Peggy,Medley,"4903 Essex Court",Mrs.,Dity1978,uyaexahfa7P,US,802-353-2945,Cashier
Margaret,Peters,"3642 Hillcrest Avenue",Mrs.,Yousencented,jahLieh1,US,781-865-8109,"Physical therapist assistant"
David,Duley,"1912 Farm Meadow Drive",Mr.,Thereply1975,pheCahliu6,US,928-852-5083,"State trooper"
James,Bell,"3115 Allison Avenue",Mr.,Operived,Phoog6Too,US,757-547-6807,"Packaging and filling machine tender"
Lindsay,Johnson,"65 Brown Street",Ms.,Clon1957,Jei2ueBu9ah,US,925-954-7630,"Organic chemist"
Chi,Stone,"2477 Carter Street",Mr.,Driers1988,echieXung1Th,US,618-689-2211,"Macromolecular chemist"
Beatrice,Fifield,"2092 Abner Road",Mrs.,Cionery,fi7Aih8joeSai,US,715-403-4728,"Petroleum engineer"
Lorie,Kelsey,"3651 University Drive",Ms.,Vole1965,ahmaij4Uf,US,312-706-9102,"Transit and railroad police"
Gregory,Morgan,"439 Shadowmar Drive",Mr.,Petiany,ciifa0shahTh,US,504-887-5502,"Winch operator"
Yvonne,Woodcock,"4451 Caldwell Road",Ms.,Vornme,Kahmoejou3ph,US,585-318-7531,"Library binding worker"
Ervin,Berkowitz,"4027 Richison Drive",Mr.,Runcest1967,uaB8phahpha,US,406-274-4712,"Aquatic biologist"
Robert,Jones,"3057 Jehovah Drive",Mr.,Goords,ooreil0EiChi,US,540-446-7400,"Career counselor"
John,Watkins,"3434 Simpson Square",Mr.,Itake1990,ooZohy8mear,US,580-673-2903,"Field sales supervisor"
Lillian,Salzman,"3780 Warner Street",Ms.,Dayincle,da0ahzeeSh,US,305-987-5013,"Medical record coder"
Jenny,Cook,"3560 Pooh Bear Lane",Ms.,Sumanducke,ohcheH0cae,US,864-613-6361,"Paratransit driver"
Mildred,Staton,"404 Limer Street",Mrs.,Stivider,Koo9neech,US,706-417-8550,"Hearing officer"
Dee,Lewis,"2760 Arrowood Drive",Mr.,Shignigho,vie9aiT8i,US,904-540-8988,"Land agent"
Robyn,Collins,"947 May Street",Mrs.,Alwyet,GeiduiX8iez,US,606-257-9867,Babysitter
William,Losoya,"1238 Gordon Street",Mr.,Tals1984,doH2EiRo,US,909-558-7469,Colorist
Norman,Barefield,"576 Central Avenue",Mr.,Textill,Fez2wa6lii9,US,201-344-4519,"Food and beverage manager"
Carmen,Owens,"2946 Mulberry Avenue",Ms.,Partunted,Eediag9aiNg,US,501-401-1884,"Range scientist"
Catherine,Seaver,"2519 School Street",Ms.,Herful,Sheughahk8,US,203-796-4316,"Tool sharpener"
Mavis,Ewing,"1284 Stockert Hollow Road",Ms.,Joind1962,Eij3Al6Oo,US,425-786-0570,"Financial analyst"
Jimmy,Ogren,"3814 Andy Street",Mr.,Thearly1975,ohng5Cichaer,US,605-357-9856,"Hotel desk clerk"
Joshua,Busse,"2553 Oliverio Drive",Mr.,Palle1995,Paib1hideo,US,620-603-4403,"Extruding, forming, pressing, and compacting machine setter"
Marjorie,Skidmore,"3920 Bates Brothers Road",Ms.,Therechat,Jeethaebe4,US,614-235-0486,"Television announcer"
Misty,King,"4539 Burton Avenue",Ms.,Woodyeal,OoX5rohnoh,US,901-691-2528,"Instructional materials director"
Charles,Henry,"4682 Wines Lane",Mr.,Lown1960,miege6ooZ1,US,832-376-6332,"Occupational health nurse"
Samuel,Smith,"2930 Diamond Cove",Mr.,Wheared,aiyui4Xoyah,US,401-305-5609,"Meter reader"
Alfredo,Bowen,"4037 Radford Street",Mr.,Hisdon,Bu5cheem9,US,502-255-3553,"Tumbling barrel painter"
Francisco,Malpass,"2880 Lunetta Street",Mr.,Whiscoget,Rae6ogohk0,US,940-969-1204,"Sous chef"
Chris,Jefferson,"2074 Barfield Lane",Mr.,Duress,xae2AiKiequ,US,317-578-4901,"Grader operator"
Odell,Shanklin,"2473 Larry Street",Ms.,Mucland,ohk5fococaNg,US,414-874-2316,"Ceramic engineer"
Rudolf,Romans,"198 Pooz Street",Mr.,Acquamen,eeThohz1hae,US,732-247-8105,"Federal Bureau of Investigation agent"
Edgar,Kates,"3194 Crestview Terrace",Mr.,Artaidan,Yahjie7Oosoo,US,830-798-1476,"Employee assistance plan manager"
Norman,Herd,"2165 Trouser Leg Road",Mr.,Fornight1976,hoaGeiza4R,US,414-212-7361,"Dinkey operator"
Don,Frizzell,"2995 Passaic Street",Mr.,Annis1970,IR6iekeige,US,202-276-8597,"Log mover"
Rose,Wood,"1777 Petunia Way",Ms.,Haffigir,jarooqu7D,US,205-796-8143,"Training specialist"
Rudolph,Cope,"2697 Selah Way",Mr.,Roppin,EiX7sha3que,US,802-685-3238,"Staff assistant"
Bradley,Blanchette,"2704 Half and Half Drive",Mr.,Malloo,hoh2KohHaish,US,559-843-7398,"Hospital attendant"
Leonard,Fischer,"4535 Mill Street",Mr.,Parectedepas,xie9nah5Co,US,864-240-4916,"Property custodian"
Monica,Sullivan,"215 Oral Lake Road",Dr.,Obsomed,RuT6aeTeiK,US,952-270-5067,Manicurist
John,Martinez,"2590 Woodland Avenue",Mr.,Lope1959,ho8AB3oon0,US,985-652-4330,"Plating and coating machine tender"
James,Lewis,"1150 Cheshire Road",Mr.,Sithinion,dieRah1ahGie,US,203-356-2681,Butcher
Matthew,Tyus,"2008 Blane Street",Mr.,Eyeanned1966,shiC4aix7,US,314-550-4859,"Support service manager"
Michael,Reed,"1403 Meadowcrest Lane",Mr.,Thereoper88,yah8vi6Cho2,US,606-418-5253,"Photographic processing machine operator"
Maria,Cowart,"504 Veltri Drive",Mrs.,Bariders,fahho7ReY,US,907-245-4761,"Brake repairer"
Sheila,Durham,"3463 Grove Avenue",Ms.,Pokenderyind,jiPhae6w,US,580-325-6364,"Animal scientist"
Larry,Jester,"3687 Carolina Avenue",Mr.,Hiliscion,yu1ahZ8eiNg1y,US,956-903-3808,"Parking lot attendant"
Michael,Bravo,"2356 Court Street",Mr.,Barre1971,tie1reSie6,US,636-674-5687,"Employee welfare manager"
Mamie,Koontz,"3350 Carson Street",Ms.,Prother1969,Ohdo5tu5ox,US,859-262-4531,"Boiler operator"
Joseph,Schuman,"2236 Stanley Avenue",Mr.,Disser74,pepep4Oe7k,US,516-542-0739,"Loan service clerk"
Evelyn,Jackson,"1539 Norma Lane",Ms.,Saim1994,LieL0Aik4qu,US,318-596-5978,"Structural metal fitter"
Frederick,Dean,"3239 Seneca Drive",Mr.,Ringich,oohe1Oid,US,503-977-7143,Realtor
Youlanda,Hayes,"3775 Sardis Sta",Mrs.,Wompe1995,iegaCi3w,US,817-660-7705,"Financial analyst"
Karen,Oliver,"371 Stanton Hollow Road",Ms.,Yetrome,eiwi2ier5F,US,781-488-0775,"Aircraft electronic systems specialist"
John,Underwood,"1604 Burwell Heights Road",Mr.,Healf1966,cho3Ohngeix,US,409-583-2671,"Hoist and winch operator"
Daniel,Terrones,"510 Blackwell Street",Mr.,Befalably58,Bah0xae0raij,US,907-441-2665,"Ambulance attendant"
Matthew,Rudder,"2837 Melville Street",Mr.,Ardegia,fiSh5tah1,US,731-326-8782,"Allopathic surgeon"
Rosanna,Wilson,"3339 Layman Avenue",Ms.,Thishe,BahN6Queish,US,912-218-7588,"Horse breeder"
Catherine,Barrett,"90 May Street",Mrs.,Hurse1998,thiTho8th,US,606-267-4584,"Lead abatement worker"
Tyrone,Sullivan,"148 Travis Street",Mr.,Maideared,Xaequo7Soh9,US,772-708-2768,"Dental assistant"
Kevin,Vanwinkle,"4760 Fantages Way",Mr.,Sproblod,Ohoon7noh3,US,207-733-5363,"Yoga instructor"
Julia,Hill,"4479 Winding Way",Dr.,Majeappre,Oowih9do5eth,US,401-627-7593,"Conference interpreter"
Cathy,Gray,"1699 Columbia Road",Mrs.,Ringich,ho2jah2Ai,US,302-858-2561,Erector
Kevin,Davis,"2689 Willow Greene Drive",Mr.,Upichoughbor,ieWah3rie,US,334-240-0242,"Full-charge bookkeeper"
Kirk,France,"3735 Bryan Avenue",Mr.,Wifirs,yukahPh6w,US,651-388-4680,"Museum director"
Domingo,Dinh,"3618 Hannah Street",Mr.,Frus1990,Aeshe1Xie,US,828-329-8766,"Tractor-trailer driver"
John,Coria,"3663 Graystone Lakes",Mr.,Sudge1966,Aik7lar5mee3,US,478-646-0759,"Human resources coordinator"
Douglas,Ortiz,"2736 Viking Drive",Mr.,Withation,To0eel2Zoh,US,740-820-9690,"Assistant manager"
Velma,Fisher,"2904 Hudson Street",Ms.,Inity1990,veRah9maiC,US,973-946-8540,Welder
James,Harmon,"1754 Rollins Road",Mr.,Carroo,bohmaer6Ae,US,308-726-9362,"Control and valve repairer"
Bert,Sellers,"1298 Charack Road",Mr.,Boremat,Gah7ahg0,US,812-248-0903,"Safe repairer"
Walter,Heiman,"2694 Rosebud Avenue",Mr.,Bessithomfor,eefieVur2,US,870-490-5131,"Forging machine tender"
Andrew,Olson,"2866 Cinnamon Lane",Mr.,Upostink59,ong9AeMeequ,US,210-878-3953,"Cardiovascular technologist"
Suzanne,Rios,"1617 Cherry Tree Drive",Ms.,Damen1975,neechae7Kai,US,904-283-3458,"Soldering worker"
Darrin,Johnson,"3081 Sarah Drive",Mr.,Trece1965,keileiC8,US,337-569-4712,"Eligibility interviewer"
Carol,Lowe,"4759 Adamsville Road",Ms.,Thationothe81,APhae6AiH1,US,956-636-2133,"Deck officer"
David,Edwards,"4658 Charles Street",Mr.,Doubetter,eZuzah3uus,US,734-508-8779,"Market and survey researcher"
Cory,Queen,"797 Lynn Street",Mr.,Aper1987,leidie9Ai,US,617-317-1149,"GED teacher"
Mark,Love,"531 Elk Creek Road",Mr.,Thesto,Ahr6ohP2Ai,US,770-481-1083,"Marketing manager"
Jacquelyn,Bell,"892 Williams Mine Road",Mrs.,Lowent86,Deej0meihoh,US,908-225-8109,Psychiatrist
Robert,Johnson,"2982 Hillcrest Circle",Mr.,Morce1974,Oofohvangoh4,US,763-526-4793,"Merchant marine sailor"
Jennifer,Baldwin,"4972 Ottis Street",Mrs.,Crifel,uF7shulahh5,US,405-359-2037,"Computer forensic investigator"
Mildred,Ware,"1285 Cooks Mine Road",Mrs.,Woreser,aush8Ephei,US,505-676-9860,"Timber cutting and logging worker"
Gerald,Medeiros,"865 Tecumsah Lane",Mr.,Nound1978,casheePi8,US,318-871-8250,Stenocaptioner
Danny,Hogg,"4668 Hemlock Lane",Mr.,Notheyeask1995,te2aiPh4i,US,956-504-1414,"Industrial property manager"
David,Surles,"1563 Burnside Court",Mr.,Paltaing,caiJogah0th,US,602-397-7126,"Public health dietitian"
James,Bingham,"4639 Park Street",Mr.,Hergar1960,aiWaiw3Aeg,US,925-369-2435,"Human resources trainer"
Angel,Phillips,"2707 Honeysuckle Lane",Ms.,Madmily,yai3Shiengi,US,360-530-4456,Midwife
James,McPeters,"474 Carson Street",Mr.,Wornibrink,ovohQu4Ev8Ae,US,859-259-0687,"Attendance clerk"
Sharon,Miller,"4060 Poplar Street",Dr.,Jamed1979,aeHooyae5,US,708-776-2832,"Systems developer"
Donna,Matthews,"4404 Ashford Drive",Mrs.,Comilly,Poh4noo7of7ee,US,703-655-5923,"Film and video editor"
Bernardine,Logan,"3335 Jones Street",Ms.,Plumakeem,Goojeigh4ui,US,817-479-5564,"Loan closer"
Mary,Snider,"2519 Pritchard Court",Mrs.,Crue1999,eow5aeThei,US,507-350-6052,"Service station attendant"
Sean,Harrell,"4381 Wexford Way",Mr.,Muctercupity,easoo4Ue0ah,US,803-260-7994,Meteorologist
Emma,Fredrickson,"4213 Twin House Lane",Ms.,Ocamen,aeKaerai3,US,417-555-5164,"Electronic masking system operator"
Nathaniel,Sanborn,"2987 Leisure Lane",Mr.,Affhand1982,aic0Paumoht,US,805-576-3167,"Signal and track switch repairer"
Luis,Garrison,"844 Mesa Drive",Mr.,Areaccely1955,AeCeo2ta,US,702-352-0534,"Booth cashier"
James,Cash,"4937 Rosebud Avenue",Mr.,Dighs1961,oqued7Aik,US,870-397-1080,Professor
James,Chamberlain,"2034 Cinnamon Lane",Mr.,Emptiou,aephe7Tas4i,US,210-922-0364,Dentist
Dora,Gross,"2377 Maloy Court",Ms.,Whinding,dibae0Oc,US,785-426-4460,"Broadcast and sound engineering technician"
Alan,Ali,"4998 Wildrose Lane",Mr.,Grasintud,PhahZ5CheiJ,US,313-745-4964,"Safety specialist"
Phillip,Rider,"2003 Spinnaker Lane",Mr.,Goicanch1964,vu5Iekoo,US,815-743-7834,"Immigration inspector"
Teresa,McGuire,"4042 Orphan Road",Mrs.,Witiontis,yu9ooN2Ah,US,715-856-8460,"Music conductor"
Johnnie,Perrault,"1206 Burning Memory Lane",Mr.,Barromempose,Iek0RuY1,US,215-247-3740,Gynecologist
Alice,Wilson,"4698 White Lane",Dr.,Dialin93,sho9Ier7w,US,478-929-9867,"Podiatric doctor"
Felicia,Gray,"3604 Confederate Drive",Ms.,Neveraing,yae7uiFae,US,315-640-8549,"Ambulance attendant"
Julie,Dotson,"2604 Poe Lane",Ms.,Forsoust,uuPhahdae7a,US,913-568-0368,"Data coder operator"
Barb,Bauer,"3465 Archwood Avenue",Ms.,Bleady,Aec7Ka6o,US,307-874-5709,"Commercial diver"
Molly,Barnes,"4342 Stiles Street",Ms.,Sealithed,rush6Oje,US,412-593-7875,"Crushing, grinding, and polishing machine tender"
Denise,Reynolds,"4119 Wexford Way",Mrs.,Whismor,kieGh5ue,US,803-272-0553,"U.S. Deputy Marshal"
Mckinley,La,"3852 Davis Court",Mr.,Hance1988,uc5Uuphee,US,618-874-5148,"Chief executive"
Terry,Welch,"2929 Echo Lane",Mr.,Fible1981,Foob1ohquei,US,269-727-6093,"Office assistant"
William,Wright,"4751 Crestview Terrace",Mr.,Maziname,Chooc4Nu0w,US,830-724-2561,"INS agent"
Adrianne,Salgado,"2103 Eagles Nest Drive",Ms.,Roques,eeph5epeiH,US,530-620-2392,"Crop scientist"
Christian,McAvoy,"2721 Bombardier Way",Mr.,Dinied57,iraiQu9ai,US,734-895-6284,"Museum technician"
Jennie,Acosta,"1250 Viking Drive",Ms.,Welverepose,pheezah8Fo,US,740-795-2370,"Plan examiner"
Theressa,Bunce,"2847 Grim Avenue",Ms.,Watchn,pa3Aed0oi9,US,619-820-5748,"Gaming manager"
Tonya,Oliverio,"1382 Columbia Boulevard",Dr.,Africastred1964,Igh3xoNg1,US,410-484-5655,Assembler
Richard,Brazil,"1230 Coal Road",Mr.,Litating,ieniu0ooZ3i,US,570-596-3200,"Information specialist"
William,Heinz,"878 Heavner Avenue",Mr.,Eldis1975,Ahbi4ohshee,US,770-852-8489,"Copy writer"
Chester,Kobayashi,"4821 Parkview Drive",Mr.,Werter,Eing8uo4akai,US,714-269-5129,"Travel clerk"
Kandis,Koller,"1945 Woodside Circle",Ms.,Frovenses,bi8Diey9i,US,850-856-6400,"Regional planner"
Jeremy,Rupert,"4771 Brooke Street",Mr.,Untrus86,Sa1ohXeiw,US,713-635-8050,"Rooms manager"
Jeremy,Brooks,"4412 Nelm Street",Mr.,Wittife,tei6uPhooC1,US,571-338-1330,"Tamping equipment operator"
Mark,Moore,"4231 Bloomfield Way",Mr.,Thouch,ceeho6Kaiz,US,207-575-8451,"Marine biologist"
Melita,Thomas,"2326 Warner Street",Ms.,Buts1984,taPh5luquis,US,307-223-1521,"Certified pest control applicator"
Steven,Goodale,"3861 Renwick Drive",Mr.,Creatil,xaiGhi1aomei,US,484-271-1031,"Computer systems analyst"
Dale,Wheeler,"3624 Cityview Drive",Mr.,Himince,dueTh4cing,US,610-461-7447,Caulker
Brooks,Falcone,"493 Oakway Lane",Mr.,Jusbancief,Die8biev6W,US,818-304-9103,"Auxiliary equipment operator"
Charles,Carpenter,"4697 New Street",Mr.,Haterind,ooph3Doo,US,541-336-2148,"Supply manager"
Warren,Williams,"4172 Briarhill Lane",Mr.,Bandegirs,poo4eho5FaKa,US,330-234-8928,"Human resources administrative assistant"
Agnes,Messer,"465 Ritter Street",Dr.,Witaken,ja8aesiR,US,256-317-7695,Conductor
Gerald,Wilson,"4310 Parrish Avenue",Mr.,Hisaing,fiez7xaiTi,US,831-203-6852,"Head hunter"
Annette,Tompkins,"170 Old House Drive",Mrs.,Whar1975,HiCh2Tu5ie,US,740-859-0862,"Telecommunications equipment installer"
Floyd,Taylor,"246 Austin Secret Lane",Mr.,Nexce1958,Iedeh0ra8s,US,435-353-6857,"Management accountant"
Clifford,Mortimer,"4182 Horizon Circle",Mr.,Mord1991,Ied9ooCei3ee,US,253-671-9451,"University professor"
James,Cunningham,"3438 Diane Street",Mr.,Unormands,Ahah9Neewei,US,805-404-3584,"Bench carpenter"
Harold,Sayers,"1687 Sunset Drive",Mr.,Bure1991,sieG1thah,US,870-687-4938,"Employment interviewer"
Tangela,Henderson,"4755 Jones Street",Mrs.,Anners,gooWoh8wai,US,817-520-8318,"Therapeutic recreation specialist"
Susan,Kozlowski,"4367 Stiles Street",Mrs.,Consento,Jaizai6uyai,US,412-623-1536,"Admissions director"
Tabatha,Southard,"212 Drummond Street",Ms.,Ancess,bohtui8Eeg,US,973-278-4584,Sheriff
Sean,Power,"1588 Laurel Lee",Mr.,Withinst,se4Doh8hah,US,651-769-1886,"Clinical laboratory technologist"
Patrick,Louie,"1831 Grove Avenue",Mr.,Tergelet,geevahGh2zoh,US,580-326-1922,"Human services manager"
Trina,Price,"3056 Mcwhorter Road",Ms.,Nage1988,Upahsh6m,US,662-420-7114,"Mental health assistant"
Norman,Heiss,"4800 Angie Drive",Mr.,Papon1977,yiWooh3aigh,US,714-991-7539,"Oral and maxillofacial surgeon"
Martha,Hamilton,"2260 Cerullo Road",Ms.,Soned1968,keXeerei4,US,502-456-3334,"Civil service clerk"
Jacob,Whitmer,"4046 Golden Ridge Road",Mr.,Saleave,biiTohrea5,US,518-276-3750,Paraeducator
Eddie,Webb,"3660 Preston Street",Mr.,Orpon1979,Eegheewahp7,US,623-260-5168,"Customs inspector"
Mary,Anderson,"251 Private Lane",Mrs.,Ouction,aiMee1mie,US,229-393-1879,"Word processor"
Frances,Harris,"442 Carter Street",Ms.,Marban,fa6oSh5d,US,618-787-3401,"Medical technologist"
Mary,Strand,"2885 Oakdale Avenue",Ms.,Catemses,ho9god0Moh,US,863-519-2685,"Technical sales support worker"
Patricia,Keith,"1778 Tibbs Avenue",Ms.,Deciament,Thae9Fi0ph,US,406-727-8888,"Gerontology social worker"
Joseph,Melendy,"3766 Ash Street",Mr.,Raws1983,aa7oaLieVoo,US,972-788-3391,"Able seaman"
William,Dickerson,"4800 Brown Bear Drive",Mr.,Fultarly77,xej0aenguiP,US,951-680-5581,"Research psychologist"
Erika,McLeroy,"2129 Owen Lane",Ms.,Loored,xeiNgeeshu9,US,231-994-0435,Biochemist
Kim,Soto,"3334 Longview Avenue",Mrs.,Ondesting,ae7OhX5ohmae,US,718-570-0756,"Human resources consultant"
Ashley,Vanmeter,"1870 Dawson Drive",Ms.,Wincesseetin,aroob6USh1,US,501-980-4812,"Baggage porter"
Marcus,Carney,"106 Thrash Trail",Mr.,Roustich,phee9Iereiri,US,903-568-9250,"Public relations consultant"
Samuel,Pierce,"1626 Havanna Street",Mr.,Sommestake,gachoG6uho0,US,336-417-5526,"Residence leasing agent"
Homer,Schwartz,"630 Farland Street",Mr.,Yesseresels,quaiShea4,US,773-968-1683,"Commercial loan officer"
Christopher,Barton,"349 Queens Lane",Mr.,Thicileares,Xiecaa3Dei,US,434-857-0909,"Criminal lawyer"
Jerome,Losoya,"32 Pratt Avenue",Mr.,Beceents95,egie8Ohkui,US,360-901-6504,"Construction inspector"
Sherrie,Gonzalez,"578 Golden Ridge Road",Ms.,Trachattee,oiC7chohth,US,518-376-1774,"Musical instrument repairer"
Sandra,Wheeler,"4627 Poplar Chase Lane",Mrs.,Eareeter,ahWoghaec2u,US,208-310-1739,"INS agent"
William,Rodriguez,"181 Highland View Drive",Mr.,Thicid,aichaiNgu2,US,916-640-7774,"Chiropractic physician"
Ashley,Bennett,"3598 Saint Francis Way",Mrs.,Younifen,Quei1shaph,US,267-228-9044,"Job analysis manager"
Jeffrey,Riffle,"3612 Williams Lane",Mr.,Whinges,shahgh0Uodai,US,316-630-4080,"Religious activities and education director"
Mary,Cooney,"4692 Michael Street",Ms.,Marstole,Ahyoom9jee,US,713-777-5038,"News vendor"
Leonard,McPhee,"3800 Giraffe Hill Drive",Mr.,Tusly1981,thue5Ci6w,US,972-248-1229,"Range scientist"
Brian,Whitehead,"4851 Hewes Avenue",Mr.,Cervent,SieNg3iec1t,US,443-618-9156,"Electronics repairer"
Derek,Rudd,"4050 Grant Street",Mr.,Secandent,iM3bahsahS,US,903-871-6752,Airman
Betty,Wall,"1392 Shearwood Forest Drive",Ms.,Wilicul,goa5ivooChai,US,603-212-1439,"Hand packager"
Douglas,Kowal,"2174 Farland Avenue",Mr.,Blit1973,ooJae6we1oo,US,830-494-3911,"Military occupation"
Robert,Edmundson,"2178 Braxton Street",Mr.,Sionquitty,Eir6faeCh0,US,815-483-8168,"Dental hygienist"
Ricky,Keisler,"2602 Tipple Road",Mr.,Allatish,Ogiegh7Eiw5ex,US,215-750-9587,"Psychiatric nurse"
Annette,Carter,"3338 Perry Street",Ms.,Fiesenioncid93,oQuaeR2ai,US,810-616-2190,"Registered nurse"
Annie,Colvin,"4284 Desert Broom Court",Mrs.,Whocautencen,Sho0ieg5,US,201-770-1344,Secretary
Ronald,Michaels,"2550 Hart Country Lane",Mr.,Rhou1998,AhL1phi4oh,US,706-549-1057,"Structural and reinforcing iron and metal worker"
Michelle,Cockrell,"859 Grand Avenue",Mrs.,Sured1978,aiNgoh3aiqu,US,407-744-5881,"Vascular sonographer"
Keith,Gallegos,"2142 Flinderation Road",Mr.,Theiry,bae5shohBa,US,708-371-7082,Cartographer
Charles,Bishop,"393 Meadow Drive",Mr.,Andeet,Fai6bahQu,US,405-973-9110,"Extruding and drawing machine operators"
Alberto,Fisher,"3359 Hiney Road",Mr.,Feativill77,eeNg6eish,US,702-242-4861,"Crushing, grinding, and polishing machine tender"
Jean,Henley,"3797 John Daniel Drive",Ms.,Nuffeamed,Lazoo5chai,US,573-657-1273,"Card punching machine operator"
Carissa,Castillo,"2468 Collins Avenue",Ms.,Porms1960,sheiquoo9Ae,US,614-844-4407,"Family therapist"
Patricia,Felton,"2748 Hornor Avenue",Ms.,Ersay1989,eeSh1viwoov,US,918-359-5815,Anesthesiologist
Edward,Goodman,"708 Water Street",Mr.,Anding,chi9Eoja8x,US,925-313-4685,"Electrical inspector"
Deborah,Davis,"361 Davis Street",Ms.,Nuesconjou,eishaeph3Oe,US,706-395-2538,"General superintendent"
Juana,Boles,"3455 Dovetail Drive",Ms.,Thentoorglan,Yaed5mai,US,847-361-9297,Cashier
Allen,Guthrie,"3212 Charles Street",Mr.,Lovervicieds1975,hoB8jai4,US,734-461-4215,"Payroll administrator"
Charles,Freund,"3413 Stoney Lonesome Road",Mr.,Theides1987,eiphan2Ai,US,570-420-2926,"Refuge manager"
Danny,Modlin,"4626 Skips Lane",Dr.,Overve,Aij8jahloo,US,928-634-1508,Echocardiographer
William,Heng,"2624 Kooter Lane",Mr.,Muchis,Pheingai4cee,US,704-395-9177,"Revenue officer"
John,Adams,"2684 Marion Drive",Mr.,Nearst,Neib4ohph9,US,813-435-6009,Hairstylist
Michael,O'Neill,"820 Quarry Drive",Mr.,Therharded,EiRai7uth,US,334-818-7194,"Probation officer"
William,Martin,"4853 Locust View Drive",Mr.,Ancestright96,Oox0ohz0k,US,415-932-0439,"Surfacing equipment operator"
Donald,Dailey,"4329 Terra Cotta Street",Mr.,Ditake,AQu8naerah3,US,218-530-4976,"Bill and account collector"
Raymond,Lampkin,"12 Blane Street",Mr.,Songdom,phu2ied1aeX,US,314-575-8027,"Office aide"
Michael,Owens,"1001 Settlers Lane",Mr.,Winfort,ahk7aiXaeloo,US,917-754-5510,"Sewage treatment plant operator"
Vincent,Stapleton,"4265 Burnside Court",Mr.,Marierhat,Aingeih6oh,US,602-422-1206,"Lens grinder"
Luz,Brenner,"1665 Wayside Lane",Mrs.,Frooke72,iel6yaeZee,US,510-264-4620,"Health services manager"
Bobby,Brewer,"1028 Freed Drive",Mr.,Punot1956,Ahbaegoo3,US,209-703-8574,"Sound engineering technician"
Bridget,Brown,"3965 Findley Avenue",Mrs.,Scowersels,Aes8pha2,US,701-783-5615,"Office manager"
Joshua,Cantu,"220 Charles Street",Mr.,Therreemed,iezohcuu4Ahc,US,734-401-2350,"Guide interpreter"
Jessica,Hall,"3953 Romrog Way",Mrs.,Noblits1971,rohChei0Ae,US,307-921-7411,Volcanologist
Harold,Walker,"3831 Haul Road",Mr.,Poesed,ouCuxo0zae,US,650-934-1991,"Employment specialist"
Matthew,Peterson,"1098 Elkview Drive",Mr.,Tagoink,johw6Tie7loh,US,772-228-6780,"Research dietitian"
Stephan,Barnett,"3748 Andy Street",Mr.,Ensiony,ooM8ahxai,US,605-426-7831,"Cafeteria cook"
Jacob,Brush,"2124 Cameron Road",Mr.,Whorem,mahxi3Loh,US,716-283-0513,"Groundskeeping worker"
Luigi,Francis,"4177 Quiet Valley Lane",Mr.,Yarstions,thaeRa6iech,US,818-880-5962,"Welding machine operator"
Hilda,Perry,"2586 Harley Vincent Drive",Ms.,Areacking,sa1Cheichae,US,440-714-2132,"Meeting manager"
Lenora,Mock,"1663 Brown Bear Drive",Mrs.,Wints1970,zio3aht6Roo,US,951-654-6818,Surveyor
Sharon,Pearce,"1227 Snowbird Lane",Mrs.,Spersen,Oong9leuqu,US,402-676-4091,"Bindery worker"
Edward,Paxton,"1627 Chapmans Lane",Mr.,Froplithe,Eemai6BoPi,US,505-846-0116,Arborist
Bradley,Lawrence,"1963 Twin Willow Lane",Mr.,Yousely61,uoh5eeShiph,US,910-468-4709,"Agricultural product grader"
Maria,Riggs,"4501 Layman Court",Ms.,Goiderearsur,tah4idooW,US,678-288-6071,"EEO representative"
Guadalupe,Macdougall,"322 Circle Drive",Mrs.,Theret,Eing0ui3ee,US,832-524-7693,"Loading machine operator"
Denise,Miller,"4969 Stuart Street",Ms.,Thapplad,yesh5Ahfae4,US,724-416-4614,"Pharmacy aide"
Melanie,Butler,"284 Despard Street",Ms.,Evence1972,eefooSh5sh,US,404-754-0141,"Copy editor"
Ed,Boyd,"1809 Goodwin Avenue",Mr.,Excluser,oofi6ohY,US,509-422-2259,"Counter and rental clerk"
Barry,Pickering,"664 North Bend River Road",Mr.,Madmily,phe3eechieB,US,606-742-1754,"Ophthalmic laboratory technician"
Edward,Rodriguez,"3022 Kembery Drive",Mr.,Bleturejaway,aing2Sax4x,US,630-572-3468,"Heat treating equipment tender"
Donna,Segal,"3151 Jenna Lane",Ms.,Anner1986,Nohchim9Ch,US,515-243-0699,"Payroll analyst"
Jesse,Cunningham,"4270 Wayback Lane",Mr.,Withen,rei8ioM6ie,US,631-415-5215,"Executive assistant"
Jared,Cuevas,"452 Fantages Way",Mr.,Tholon,eich9weLi4p,US,208-275-6467,"Executive recruiter"
Gwen,Gray,"3241 Holly Street",Ms.,Decighte91,Eishee5oo,US,704-987-6566,"Passenger rate clerk"
Morgan,Young,"2858 Union Street",Mrs.,Expork,Kaicohn0,US,206-749-4883,Coach
Daniel,Sims,"1172 Rockford Road",Mr.,Sesece1955,uuf3ooDe1Ee,US,775-239-2323,"Publications specialist"
Deborah,Epperson,"980 Sunburst Drive",Ms.,Culdriatat,exoo6phaeQu,US,239-348-7183,"Office machine and cash register technician"
Blair,Britton,"4799 August Lane",Mr.,Liend1964,ohf4RuKei3,US,318-451-0600,"Groundskeeping worker"
Filomena,Fallis,"3248 Andell Road",Ms.,Hoove1960,juS1adoh,US,615-249-2943,"Diesel service mechanic"
Alexandra,Perry,"1857 Horner Street",Ms.,Purd1989,ia9Eije2,US,330-979-8406,"Gaming and sports runner"
John,Tisdale,"4133 Corbin Branch Road",Mr.,Prionsprould,iNgonai2V,US,423-422-9006,Measurer
Josefina,Swift,"3562 Valley Lane",Ms.,Ancenum1988,Xuo6Niu7m,US,512-591-1958,"Meat cutter"
Robert,Paterson,"4727 Sunny Glen Lane",Mr.,Amiled1994,iejah3Sea,US,216-798-4808,"Flight service specialist"
Patricia,McGlade,"4662 White River Way",Ms.,Soombeark,biele8Ze6th,US,801-545-3971,Tester
Michel,Porterfield,"4650 Kinney Street",Mr.,Nempecovest,ekahy6Uu4A,US,413-543-5638,"Immunology technologist"
Anthony,Mitchell,"4511 Buckhannan Avenue",Mr.,Whint1977,wuvoo5Gaa,US,315-469-3571,Promoter
Alan,Truong,"463 Kennedy Court",Mr.,Beivat,wuoD6Eish,US,774-454-8685,Architect
Andre,South,"4749 Seth Street",Mr.,Geould95,ieChohl3Eiqu,US,325-486-8211,"Licensed vocational nurse"
Angel,Vanvalkenburg,"2028 Rocky Road",Mr.,Terestand1965,hae4Up6Ph,US,215-653-2429,"Technical sales manager"
Charlotte,Dunn,"3810 Geneva Street",Ms.,Amenap,za4usaiS2cu,US,917-483-3336,"Short haul or local truck driver"
Heidi,Alderman,"931 Horseshoe Lane",Ms.,Promento,Thoe1doog,US,484-453-9311,"Administrative manager"
Shelli,Thomas,"1506 Pearcy Avenue",Mrs.,Refore,ohSh4Oa7ogh,US,262-228-7032,Logistician
Joseph,Delapaz,"1760 Little Acres Lane",Mr.,Whowd1980,KequahSh0ue,US,217-953-0352,"Watch repairer"
George,Tate,"3325 Quiet Valley Lane",Mr.,Maked1963,Ahha5iloh,US,818-988-1625,"Travel agent"
Mary,Hogan,"677 Middleville Road",Ms.,Tairse,iciXoz8theush,US,626-383-7354,"Airline steward"
James,Bushey,"3518 Snowbird Lane",Mr.,Nalkents,aegah2eeQu,US,402-648-4043,"Administrative manager"
Leah,Slane,"4379 Cooks Mine Road",Ms.,Harrinat,ohNg6va9,US,505-770-1731,"General superintendent"
William,Denham,"855 Aviation Way",Dr.,Sulard,APoh3He9ai,US,213-949-7687,"Tile finisher"
Justina,Broyles,"2727 Pretty View Lane",Mrs.,Doduchis,coh5eeR8UF,US,707-935-7964,Jailer
Bernice,Cannady,"4567 Poling Farm Road",Ms.,Sherecomare59,siefu1Bie,US,402-298-0679,"Manufactured building and mobile home installer"
Heidi,Bentley,"1409 Raccoon Run",Dr.,Gessarcidigh,aibah8OS5he,US,206-987-0921,"Internet developer"
Damon,Gilliam,"4251 Amethyst Drive",Mr.,Accur1971,oghaeLeenai5,US,517-367-7313,"Medical assistant"
Robert,Wilson,"4310 Holt Street",Mr.,Drelvel75,shie0ieH8,US,561-347-0627,"Staffing manager"
Don,Valdez,"3469 Goff Avenue",Mr.,Coved1996,Fei7abaak,US,269-718-9376,"Railcar repairer"
Adrian,Allen,"2448 Spring Haven Trail",Mr.,Parthe,Pae8ahrei,US,973-709-7025,"Computer control operator"
Donnie,Herrington,"290 Lake Forest Drive",Mrs.,Youdibetent,eewue0Sho0,US,914-289-6766,"Composing machine operator"
Paul,Bussey,"1759 Benedum Drive",Mr.,Bobstine,Aiyeiyai6,US,845-359-6358,"Training and development specialist"
Frances,Mann,"186 Carson Street",Ms.,Plimparthid,ooF2Weeg6Ow,US,859-226-7569,"Foundry mold and coremaker"
Jeffrey,Ferranti,"1698 Amethyst Drive",Mr.,Thades,She9yei8lei,US,517-338-8653,"Social work assistant"
Johnny,Hill,"2649 Five Points",Mr.,Soody1978,eih4ohn3aiNg,US,443-253-5439,"Ground controller"
Andrea,Parker,"3454 Hall Street",Ms.,Ragely,naejaiQu4ao,US,702-531-3371,"Cutting, punching, and press machine operator"
Susan,Pemberton,"834 Briarwood Drive",Mrs.,Himsoo,tuibah7Eej9s,US,856-492-6317,"Nurse practitioner"
Richard,Shy,"3279 Doe Meadow Drive",Mr.,Glearand56,aeS6xaiph9,US,301-552-3010,"Food batchmaker"
Stephen,Braden,"4270 Hayhurst Lane",Mr.,Younge,ohm3Gai5ie,US,248-747-7003,"Independent agent"
Raymond,Ott,"1882 College Avenue",Mr.,Finerstaide,dei1Bah3pup,US,937-386-6413,"Software engineer"
Nikki,Gay,"2790 Clifford Street",Ms.,Coulte,seequ2OhduV,US,510-734-0526,"Loan interviewer"
Eli,Spencer,"763 Patterson Fork Road",Mr.,Withinst,ohWae7zei,US,312-592-4476,"Compensation manager"
Rowena,Simmons,"4026 Progress Way",Ms.,Iteress,Oiji4Hah,US,320-237-7442,"Wealth manager"
Nancy,Douglas,"4017 Golf Course Drive",Ms.,Occes1973,luagiSeaz8,US,703-371-3975,"Photographic process worker"
Virginia,Toms,"2939 Joy Lane",Mrs.,Foreed,Phae3too7th,US,818-504-9379,"PBX operator"
James,Suggs,"4745 West Side Avenue",Mr.,Adiers,uevofoSo9ka,US,201-242-7532,"Mail handler"
Forrest,Glick,"4343 Hart Street",Mr.,Saill1996,Koh3Od1Bis,US,860-267-1170,"Metalworking machine operator"
Ryan,Smith,"4876 Hillcrest Circle",Mr.,Stice1975,mei0ieSied,US,763-614-4615,"Shipping, receiving, and traffic clerk"
Laurie,Hedden,"384 Union Street",Ms.,Cionachis,yuz2Ahcei,US,206-748-7501,"Creative writer"
Judy,Holloway,"563 Despard Street",Ms.,Witim1978,zeich8Ohd,US,404-727-5906,"Graduate teaching assistant"
Mark,Jones,"2756 Stockert Hollow Road",Mr.,Litis1998,oCheiqu3ohY1ee,US,425-825-8762,"Personnel analyst"
Alejandro,Tuttle,"4966 George Avenue",Mr.,Thelover,aj2suThaquo,US,251-377-2904,"Materials engineer"
Mike,Bower,"4309 Ash Street",Mr.,Froweed1988,neg9teR3The,US,972-783-8359,"Support staff clerk"
Isabel,Kimbell,"1798 Trails End Road",Ms.,Subte1960,uvoo5eeBai,US,954-331-4207,Collector
Sandra,McHale,"30 Capitol Avenue",Ms.,Marsureend,fee8AhN3boh,US,765-522-0640,"Publicity expert"
James,Diana,"885 Lakeland Park Drive",Mr.,Acreme,Yoo3Quahth,US,770-616-4245,"Adult secondary education teacher"
Paul,Davis,"3419 Oakway Lane",Mr.,Manciener95,Eithaidoo9w,US,818-287-2298,"Quality auditor"
Marcela,Jensen,"2054 Thompson Street",Dr.,Noestringthe,Ahphepai6c,US,562-543-1568,"Information specialist"
Susan,Schweitzer,"1820 Cedar Lane",Mrs.,Spead1957,iexaeT5wov,US,617-591-5258,"Textile machine operator"
Zella,Alves,"1547 McDonald Avenue",Ms.,Yourien,KeeG6Aenai2,US,407-826-4976,"Bookmobile driver"
Jack,Drake,"1959 Kildeer Drive",Mr.,Boyal1985,eeRo6veefei,US,757-247-6480,"Computer clerk"
George,Uribe,"992 Gladwell Street",Mr.,Upply1970,ahPheelaech2ah,US,903-209-0524,"Electronic equipment repairer"
Edith,Boulton,"2487 Tenmile",Ms.,Hattes,Iemahn1aihee,US,757-925-1369,"Tour bus driver"
Brenda,Burley,"661 Blane Street",Ms.,Cance1961,Mahwo7usai,US,314-540-4215,"Tax collector"
David,Armstrong,"1620 Sycamore Street",Mr.,Agoing,tuam7Sae,US,408-930-4112,"Radiologic technologist"
Cheryl,Seifert,"2605 Tecumsah Lane",Mrs.,Affearsurry82,Nai1oopaid,US,318-837-1200,Umpire
John,Hyatt,"2550 Fort Street",Mr.,Himagettery,Xoo4diev,US,253-265-5427,"Policy analyst"
Allan,Collins,"2352 Briercliff Road",Mr.,Beren1994,nohkieFie4E,US,718-670-3778,"Poultry cutter"
Carol,Myers,"1715 Holt Street",Mrs.,Begue1960,gah6iQuoi,US,561-372-0510,"Water transportation master"
Florence,Sims,"3503 Nickel Road",Ms.,Stemed,quoh9Ahgu,US,626-655-2483,"Terminal controller"
John,Marsh,"889 Gregory Lane",Mr.,Sorephy,vae3Nai7Ai,US,502-502-9468,"Bus mechanic"
Margaret,Braun,"3889 Jadewood Farms",Ms.,Musbang1965,iek9Eica3ie,US,973-407-3206,"Chief engineer"
Betty,Simpson,"1432 Nicholas Street",Mrs.,Anxiond,yooXaiWi7,US,785-344-3303,Mortician
Robert,Lynch,"2284 East Avenue",Dr.,Sooked,eeyaY9Bah,US,480-260-2878,"Loan clerk"
David,Burns,"2070 Heather Sees Way",Mr.,Shoudered,aiZui7pa,US,918-723-2229,"Training and development coordinator"
Kevin,Gary,"4996 Whispering Pines Circle",Mr.,Eire1963,CaDah9hoh,US,972-356-3842,"Teacher assistant"
Colleen,Flournoy,"3862 Anmoore Road",Ms.,Thiets,ohSh6eezee,US,718-748-3352,"Musical instrument repairer"
Eugene,Cottrell,"4950 Scenicview Drive",Mr.,Lonspribeen,Za5Aivaef,US,432-263-4046,"County court judge"
Nick,Snider,"557 Anthony Avenue",Mr.,Erated98,ein9eip1Tha,US,325-876-6917,"Safe repairer"
Benjamin,Kimbrough,"2597 Hood Avenue",Mr.,Euray1986,iev8ThuHai3,US,858-663-2573,"Maxillofacial radiologist"
Forrest,Boykin,"113 Maloy Court",Mr.,Liat1968,ca8ieKai8dae,US,785-430-9731,"Appliance repairer"
Ada,Sandoval,"1052 Elk Avenue",Ms.,Wheng1969,ohthah6Ie,US,517-447-9696,Messenger
Bobby,Sipe,"4967 Black Oak Hollow Road",Mr.,Thaveling57,Aey0jaisie9,US,408-723-7310,"Stock broker"
Dawn,Chastain,"2762 Sunny Day Drive",Ms.,Childn,siw3EgeiMee,US,714-782-9627,"School librarian"
Lance,Purvis,"3760 Washburn Street",Mr.,Tices1993,AG1miVa5xai,US,225-334-7105,"Teacher aide"
Annie,Williams,"3136 Badger Pond Lane",Mrs.,Simand,um1ieg4To,US,724-982-1932,Ecologist
Jean,Cato,"1028 Black Oak Hollow Road",Mrs.,Ventrout,Cah5shaek6x,US,408-806-2046,"Sous chef"
Julia,Blumberg,"2172 Hampton Meadows",Mrs.,Torut1969,wooX5sooK8,US,978-394-7654,"Surgical technician"
Richard,Rives,"3441 Sand Fork Road",Mr.,Didan1964,Ouk3aeth,US,574-849-0854,Administrator
Rhonda,Crim,"1797 Stonepot Road",Mrs.,Besillently,nie8feu2See,US,908-349-2108,"Grill cook"
Mark,Jones,"3323 Rose Avenue",Dr.,Sibity,cie8peeNo1e,US,504-279-3899,"U.S. Secret Service special agent"
Lois,Souza,"2818 Glenview Drive",Ms.,Signe1977,eeNgaj1iudie,US,361-510-9194,"Fish cutter"
Carol,Thomas,"4156 Chandler Hollow Road",Mrs.,Clowed,kog3oXiseiph,US,412-421-0784,"Recreational vehicle service technician"
Henry,Enger,"3141 Confederate Drive",Dr.,Daudys,quacheabie7U,US,315-737-7220,Microeconomist
Beverly,Moore,"1130 Badger Pond Lane",Ms.,Hicagaver,ho5eeGahch,US,727-346-7452,Statistician
Jerry,McNeel,"2735 Jerry Toth Drive",Mr.,Expet1988,Eihuipu8e,US,907-564-8008,"Political analyst"
David,Ratcliff,"1987 Elm Drive",Mr.,Withand,Deexee3aiw,US,646-391-9977,"Mail processing machine operator"
Mary,Moore,"906 Brookview Drive",Mrs.,Mandeproper,airie3Ai,US,409-379-1926,"Travel guide"
Ruth,Foutz,"2541 Collins Avenue",Mrs.,Buts1970,bie1Ahti7,US,614-792-8955,"Pesticide vegetation"
Elizabeth,Dolan,"618 Bailey Drive",Mrs.,Offeir,hei6toTuph,US,319-457-4517,"Hand compositor"
James,Ruyle,"3184 Willow Greene Drive",Mr.,Whary1990,Meeth3iez,US,334-247-5101,"School psychologist"
Harold,Williams,"627 Hillcrest Circle",Mr.,Supok1998,daiB2igea,US,763-524-7390,"Employee relations manager"
Francisco,Anderson,"3342 Hamilton Drive",Mr.,Nowny1996,aiS9gao1c,US,410-228-9564,"Labor relations director"
Marie,Williams,"825 Boring Lane",Mrs.,Withein1963,ochee9TohT,US,415-702-4292,"Office machine and cash register technician"
Gerard,Jones,"1893 Meadow View Drive",Mr.,Shousho,tahngoM9ae,US,860-554-1006,"Chief technology officer"
Bradley,Garcia,"1350 South Street",Mr.,Lifivend1967,quefael1ahGh,US,434-222-9339,Handymen
Heather,Cushman,"908 Parkway Street",Mrs.,Cinissente,ahPhoh2zae,US,760-254-5260,"Copy editor"
Charles,Hulings,"294 Raccoon Run",Mr.,Theke1966,Yosho2phech,US,206-898-7546,"Supply manager"
Hilario,Samuel,"749 Crosswind Drive",Mr.,Dade1975,ohG5ooGei,US,270-826-0655,Dietitian
Philip,Seals,"3948 Dale Avenue",Mr.,Begaver1988,ahnaeFi4luk,US,253-785-4744,Blockmason
Theodore,Swaim,"2531 Southside Lane",Mr.,Themay,zuKohxae9m,US,323-663-3275,"Marketing coordinator"
Gerard,Clinard,"4951 Roguski Road",Mr.,Reaver,oPhah0ahTad,US,318-310-0267,"Glass installer"
Larry,Bonds,"3232 Eastland Avenue",Mr.,Plaun1970,ohqu7Eehuu,US,601-420-9204,"Paper goods operator"
Priscilla,Cox,"4840 Roosevelt Wilson Lane",Ms.,Gavempurneth,eicov1daF,US,909-868-6379,"Billing and posting machine operator"
Kathryn,Rios,"3433 Coventry Court",Mrs.,Lapp1958,ohnahNgie5,US,225-975-1607,"Correspondence clerk"
Victoria,Cartagena,"1756 Hillview Street",Ms.,Frustion,oo2thi1Ieree,US,803-815-1555,Marine
Della,Fernandez,"3269 Ward Road",Mrs.,Prike1975,nePheiqu0e,US,915-478-6772,Coder
Rosemary,Barnes,"2204 Elmwood Avenue",Ms.,Thermised66,aemoh7ahXiz,US,480-968-3305,"Employment manager"
Edmund,Benson,"2535 Whitetail Lane",Mr.,Onsere,azooH2legee,US,469-334-3727,"Neonatal nurse"
Mary,Jones,"4693 Skips Lane",Mrs.,Plesubt,UJ9aiG1ie,US,928-555-1899,"Human resources consultant"
Phillip,Benton,"3098 Baker Avenue",Mr.,Anambegazzle,Xah6on3Ee,US,817-890-4402,"Adult basic education teacher"
Anita,Gurganus,"4653 Lewis Street",Mrs.,Usithed,aich2seM5s,US,630-865-6214,"Nephrology nurse"
Tina,Dixon,"195 Blue Spruce Lane",Mrs.,Wasto1970,bie1Shah,US,410-349-2249,"Mechanical drafter"
Joyce,Franks,"14 Hummingbird Way",Mrs.,Twean1977,ochei5Ix,US,785-215-2664,"Fish trimmer"
James,Patterson,"164 Desert Broom Court",Mr.,Untler,gumeph0Ohnoh,US,201-781-9488,"Armed Forces"
Timothy,Whitfield,"1752 Formula Lane",Mr.,Hiout1970,Kach5chae2ai,US,469-641-5860,"Support service manager"
Clarence,Willis,"1713 Valley View Drive",Mr.,Alisome,Iwu5tiem,US,617-737-5411,"Executive housekeeper"
Jessica,Morgan,"3161 Irving Place",Ms.,Hoce1988,Choo0ood,US,636-338-3584,"Nursery and greenhouse manager"
Arthur,Stevens,"622 Dovetail Drive",Mr.,Musid1958,vaiChu7idie,US,847-314-7934,"Piano tuner"
Marjorie,Kelley,"1253 Black Stallion Road",Ms.,Nesintlefor94,Aing1chie6,US,859-493-8078,"Athletic director"
Jimmy,Jimenez,"1578 Fire Access Road",Mr.,Twessight,aifu2Chee7,US,336-829-2958,"CT technologist"
Nancy,Long,"2228 Carson Street",Mrs.,Theirse,Xah0Uidiy,US,858-947-9982,"Social worker"
Erin,Barrios,"3106 Rocket Drive",Mrs.,Slopeare,aep0aePai,US,612-812-0509,"Network and computer systems administrator"
Steven,Atwood,"1584 Orchard Street",Mr.,Almosery,eipoo5eiT9,US,952-595-2203,"Corporate office services manager"
Renee,Dailey,"1128 Hilltop Drive",Ms.,Boure1990,OhY4eixeich8,US,806-258-9591,"HVAC technician"
James,Dolly,"1125 Emerson Road",Mr.,Goostake,Nee6Ohghei,US,318-757-6823,"Automotive air-conditioning repairer"
Gerald,Smith,"3914 Melody Lane",Mr.,Vends1997,EzuX8Shool,US,804-345-5352,"Construction job cost estimator"
Terry,Ramos,"2784 Riverside Drive",Mr.,Peteriou,GieThae0ch,US,706-783-8598,"Contract cutter"
William,Bourgault,"2838 Gateway Road",Mr.,Whissilther,Io2aiCooh9,US,503-280-5350,"Rail transportation occupation"
Margaret,Ellison,"296 Walkers Ridge Way",Mrs.,Lais1969,waije1Boh,US,630-213-3409,"Manifold binding worker"
Russell,Roy,"2979 Alpha Avenue",Mr.,Grolose,Pheith1eeC,US,904-243-6978,"Administrative services director"
Irma,Bowens,"196 Ash Avenue",Mrs.,Husell,iekezohDi9Ah,US,314-867-4320,"Forest and conservation worker"
Kevin,McKee,"1338 Hinkle Deegan Lake Road",Mr.,Goomed,oome7Eu9boo,US,606-934-7282,"Maintenance machinist"
Nathaniel,Oliver,"2385 Byrd Lane",Mr.,Criesuck62,Ahchie6Jiek,US,505-204-8136,Interpreter
Robert,Shoop,"3406 Pinnickinnick Street",Mr.,Smon1973,ooTh7mieGhi,US,732-823-4276,"Chemical engineering technician"
Anna,Lando,"2535 Kyle Street",Mrs.,Inglan,aeJaat4xie,US,308-397-4674,"Recruitment manager"
Linda,Sanders,"3117 Mayo Street",Mrs.,Andrescrove,Nicie7pui9,US,859-694-5331,"Industrial-organizational psychologist"
Robert,Hewitt,"2446 McKinley Avenue",Dr.,Poreade,xos6HeeL9Ugh,US,303-758-9696,"Publicity agent"
Norma,Roberts,"4624 Jehovah Drive",Mrs.,Comboden,ahghoh4W,US,540-537-9482,"Closing agent"
Carol,Cole,"647 Johnstown Road",Mrs.,Anybothe,uhor0Ohf,US,847-409-1621,Coder
Clara,Chace,"1094 West Side Avenue",Mrs.,Whistless,wae6ue3Cieth,US,201-214-1235,"Maxillofacial radiologist"
Beatrice,Prentice,"213 Webster Street",Mrs.,Youndark,ieK5mao0,US,732-625-0249,"Power transformer repairer"
Christopher,Fowler,"962 Ersel Street",Mr.,Mourp1982,Hooh5teXequ,US,214-379-8035,Conciliator
Alfredo,Wiseman,"3784 Horseshoe Lane",Mr.,Pation,Neic1ezoohee,US,484-383-5459,"Computer clerk"
George,Marion,"327 Pinewood Avenue",Mr.,Vineary,Vui0fudugh,US,906-499-9001,"Mortgage loan officer"
Charlene,Simpson,"3604 Platinum Drive",Mrs.,Shoarearded,uR5buughaCh,US,724-825-0310,"Social worker"
Ryan,Quinn,"767 Hilltop Street",Mr.,Thimed,uoSaiv9ae,US,413-679-6208,"Benefits administrator"
Allison,Johnson,"649 Cherry Camp Road",Ms.,Juspencesses,ok8geiqu9Ee,US,773-497-5871,Glazier
Patricia,Arthur,"2818 Broadway Avenue",Ms.,Incentens,oghai8Ohnge,US,423-799-5123,Machinist
Crystal,Johnson,"1587 James Avenue",Mrs.,Ionsoment,uhu3xei6F,US,316-210-1603,Weathercaster
Kathleen,Montgomery,"3779 Private Lane",Ms.,Ounflux,WohP9tiH1ee,US,229-268-5501,"Gaming services"
Patricia,Choate,"4020 Pinewood Drive",Mrs.,Shrich,quae4Fie6,US,847-822-3090,"Glass installer"
Arthur,Schroeder,"4043 Drainer Avenue",Mr.,Mothre1999,TodeequoN3b,US,850-555-3503,"Police dispatcher"
Lloyd,Holloman,"2840 Cherry Tree Drive",Mr.,Onstonly,AThox9phei,US,904-394-0471,"Mine cutting and channeling machine operator"
Julia,Johnson,"4976 Thompson Drive",Ms.,Reated,tuoshaeZ1qu,US,510-456-7032,"Pilates instructor"
Stephanie,Butler,"2973 Thompson Drive",Mrs.,Behopentrib,Chai4jeeK,US,510-352-6763,Postmaster
Zachary,Broome,"735 Rafe Lane",Mr.,Ocas1965,jo4aS4IN1,US,662-635-4037,"Gastroenterology nurse"
Wendy,Dunn,"682 Five Points",Ms.,Mustur,uph4aSooz,US,443-289-2448,"Agricultural worker"
Marcia,Ly,"2134 Oral Lake Road",Ms.,Woughts,aitooD7cei,US,952-431-1125,"Computer operator"
Jarred,Davis,"3697 Cooks Mine Road",Mr.,Thermor,laeWee0Oh,US,505-766-2863,"Employee development specialist"
James,Cusson,"2860 Clearview Drive",Mr.,Exte1990,aiRae5rahk,US,303-715-0551,Paraprofessional
Leon,Ramey,"1054 Sycamore Fork Road",Mr.,Grance,auBaiph4,US,954-242-9997,"Compliance officer"
David,Adams,"1668 Ashcraft Court",Mr.,Imet1962,emahN3ae,US,619-469-5226,"Corporate accountant"
Dorothy,Mathews,"2127 Oak Drive",Mrs.,Priff1958,baeH2eirae,US,518-571-2206,"Septic tank servicer"
David,Mora,"2746 Sherman Street",Mr.,Oply1961,ooTei9moh,US,785-942-3992,"Personal trainer"
Eddie,Story,"4703 Rodney Street",Mr.,Camently,Ahch8keiM,US,636-438-6547,"Medical translator"
William,Smith,"959 Leo Street",Mr.,Donchat1973,quaimau5Sh,US,720-985-8085,"Medical technologist"
Kevin,Nowakowski,"1827 Gateway Avenue",Mr.,Buiribithe,uw7io1He6v,US,661-849-1495,"Tile installer"
Juan,Greenfield,"4109 Hall Valley Drive",Mr.,Stram1989,yi9TheshaeG,US,304-601-2507,Brickmason
Brian,Hodder,"3122 Rebecca Street",Mr.,Unneville,aiza6ahNgigh,US,847-767-9255,"Heat treating equipment operator"
Christine,Cook,"3592 Mesa Drive",Ms.,Ithad1955,queequoo4Oh,US,702-427-6624,"Contract specialist"
Benny,Donaldson,"2746 Red Bud Lane",Mr.,Ancentiond,chego9Yii8,US,860-963-5785,"Occupational therapist"
Sherry,Fuller,"4750 Hiddenview Drive",Mrs.,Opery1972,shieNg2Rah8,US,215-985-0055,"Hearing therapist"
Barbara,Pritchett,"4620 Birch Street",Ms.,Anity1968,ahK1zahp7,US,317-859-7667,"Conference service coordinator"
Terry,Davis,"2002 Badger Pond Lane",Mrs.,Enecildn,Chu5zom2Ash,US,727-283-9804,Composer
Henry,Henry,"2648 Short Street",Mr.,Liagrat,ThaiPhei5qu,US,512-974-9043,"Transmitter operator"
Evan,Herman,"142 Hart Country Lane",Mr.,Sansion,ohtae1Ou3,US,706-636-2770,"Letterpress setter"
Michael,Hassler,"284 Valley Lane",Mr.,Boun1956,ieWiekeeG0,US,512-719-8067,"Bindery worker"
William,Williams,"4465 Sardis Station",Mr.,Duren1980,ieyeed5M,US,612-516-1311,"Medical social worker"
Carol,Cowell,"2336 Findley Avenue",Ms.,Notholl1976,Isie1aeWa,US,701-874-4216,"Occupational therapist aide"
Patty,James,"4458 Browning Lane",Mrs.,Linve1976,Lie1vaetoa,US,607-761-1396,"Central office operator"
Jessica,Humphrey,"1530 Blue Spruce Lane",Ms.,Noblits1983,dug2ooPh,US,410-287-0064,"Tool filer"
James,Gresham,"4939 Cimmaron Road",Mr.,Ocappistand,Katohvau6koo,US,714-557-0252,"Computer hardware engineer"
Jeff,Barlow,"4890 Cherry Camp Road",Mr.,Racion1975,Phoubie6Hah,US,773-442-1038,"English as a second language teacher"
Harold,McClellan,"3112 Feathers Hooves Drive",Dr.,Abefor,xi3ooquoNan,US,631-667-7988,"Oxy-gas cutter"
Ann,Hampton,"1996 Elk Rd Little",Mrs.,Mext1972,ahzegh3Oi,US,520-265-9990,"Furnace, kiln, oven, drier, and kettle operator"
Robert,Sharp,"1418 Sigley Road",Mr.,Gathaven,puv4auB3amae,US,785-629-9145,"English as a second language teacher"
Jose,Watson,"3398 Mayo Street",Mr.,Suliterty,Hae9meepash,US,859-658-7245,"Occupational social worker"
Monica,McGowan,"330 Fieldcrest Road",Mrs.,Rins1992,Ipiewee3,US,631-935-7789,"Textile, apparel, and furnishings occupation"
Nelson,Lay,"3672 Kincheloe Road",Mr.,Agon1992,YooGh4Rei,US,503-519-3748,"Health physicist"
Phillip,Segrest,"2392 Riverside Drive",Mr.,Retraid,Eboef5eu9Ie,US,706-840-6160,"Local account executive"
Donald,Taylor,"338 Zimmerman Lane",Mr.,Waget1990,quangooQuu8,US,213-455-7111,"Poultry farmer"
April,Gray,"3551 Meadow Drive",Ms.,Refearintly,die5lieX,US,406-228-7016,"Heat treating equipment operator"
Karen,White,"2697 Dale Avenue",Ms.,Fromming,kea4mei5eD0,US,253-820-9152,"Rock splitter"
James,Meier,"3433 Coulter Lane",Mr.,Angloody,irohw9ao3Ei,US,804-243-3415,"Immigration and Naturalization Service (INS) agent"
Scott,Williams,"1366 Cessna Drive",Mr.,Lunarned,ka8Kaa8ah,US,260-414-6094,Steamfitter
Raymond,Jackson,"1600 Oliver Street",Mr.,Exper1978,Thue9thuyai,US,817-273-2131,"Loan closer"
Sherrie,Juarez,"1634 Bungalow Road",Mrs.,Porknowle,Oi1iece4k,US,402-865-3971,"Public safety dispatcher"
Benjamin,Holm,"2569 O Conner Street",Mr.,Sagem1999,uu4AiNga,US,228-596-4301,Trader
Margaret,Ferreira,"2982 Russell Street",Mrs.,Arip1989,Aifooth1v,US,978-870-9338,"Watch repairer"
Michelle,Ditto,"3809 Duncan Avenue",Mrs.,Whicas,iXeiTel4,US,917-549-6271,"EEO officer"
Sheba,Barbee,"1595 Burnside Avenue",Mrs.,Folong,iTh3AuLoh,US,435-709-8194,"Statistical assistant"
Emma,McCoy,"1157 Rainbow Drive",Ms.,Eader1961,ohth2oPaiRoh,US,330-505-9633,"Technical training coordinator"
William,Humbert,"4940 Rockford Road",Mr.,Dinen1996,Lei6vi1oo,US,774-642-8351,"Forest fire prevention specialist"
Willie,Hawkins,"453 Nelm Street",Mr.,Wourthonses,Oqu1quoh8,US,573-220-0177,"Administrative professional"
Willis,Conrad,"3476 McDowell Street",Mr.,Cassen88,ohT9via4ch,US,931-319-4803,"Legal investigator"
Violet,Wamsley,"1075 Lewis Street",Ms.,Brate1973,ootoK1naeNg,US,630-960-2869,Hanger
Elmer,Bunger,"874 Pinewood Drive",Mr.,Asights,Niengazou2,US,847-903-8933,"INS agent"
Manuel,Cook,"1539 Valley Lane",Mr.,Froutichfuld,Aijahz0iu,US,512-610-5823,"Fitness worker"
Theodore,Delgado,"2609 Terra Street",Mr.,Hakey1982,le4AeGh2aef,US,360-323-5227,"Aircraft electronics specialist"
Marion,Coney,"2501 Aspen Court",Mr.,Foran1961,shuaNg0rohh,US,617-334-3996,"Escort interpreter"
Sue,Sales,"1266 Hamilton Drive",Mrs.,Iver1966,Woaphae9thex,US,410-210-8579,"Surveillance officer"
Barbara,Cottrell,"4584 Taylor Street",Ms.,Caude1962,Uuma0teip,US,914-644-4987,"Clinical dietitian"
George,Albers,"4906 Melrose Street",Mr.,Wasuffeen,ahre7xaS0u,US,509-928-5274,"Public finance economist"
Katie,Mitchell,"2085 Beech Street",Mrs.,Youraid,Ui7Ahc2nuk,US,925-852-3175,"Licensed clinical social worker"
William,Crowell,"452 Stonepot Road",Dr.,Exiony73,phi5rue0Lesh,US,908-429-0977,"Keypunch operator"
Jacklyn,Clark,"3950 Parker Drive",Ms.,Sandid,maicaN0wilah,US,216-689-1602,"Office specialist"
Hugo,Gelman,"782 Wilson Avenue",Mr.,Dequed,Iesh7aih,US,972-484-6107,"Court, municipal, and license clerk"
Lee,Turner,"4372 Charter Street",Mrs.,Postartaing1995,Kiuhu0aew,US,913-754-2209,Programmer
Travis,Branton,"2794 Howard Street",Mr.,Conat1957,Ierah4gai4ph,US,616-560-8869,"Mortgage banker"
Blanca,Gonzales,"4485 Nicholas Street",Mrs.,Thied1996,ho2eaNgap,US,785-343-9356,"Reservation agent"
Rose,Moore,"1578 Spring Haven Trail",Mrs.,Likence1972,Hosh4ahNeib,US,973-731-8134,"Welding worker"
Robert,Hirt,"2379 Tree Frog Lane",Mr.,Casere,mieChohSho8,US,816-519-1392,"Fast-food cook"
Margret,Christy,"2442 Green Gate Lane",Mrs.,Saways,Ing7jeroo,US,443-722-6998,"Ballet master"
Linda,Gray,"1386 Irish Lane",Ms.,Johous,ape7Tie8ei,US,608-839-3254,"Personnel development specialist"
Ruth,Wilson,"1177 Beeghley Street",Mrs.,Coudes,fooVood5ez,US,254-903-8222,Cardiographer
Robin,Gamache,"2578 Green Avenue",Ms.,Hiculd1971,ohGhul1Xo3,US,510-760-4752,"Operating engineer"
Geoffrey,Calderon,"1113 Owen Lane",Dr.,Conved,ohcooGua1Oh,US,239-247-7497,Paraeducator
Willie,Durand,"4218 Brighton Circle Road",Mrs.,Thattrick,Haic8ieNgie,US,320-485-5399,"Airport service agent"
Elizabeth,Wolfe,"1597 Hiney Road",Mrs.,Posand,zoh6Aiz8,US,702-292-2480,Manufacturers
Leona,Cate,"271 Golden Street",Ms.,Counale,Phah2soh2nee,US,305-638-2254,"Route driver"
Gary,Taylor,"2877 Giraffe Hill Drive",Mr.,Requit,Xooraen7N,US,972-300-2777,"Maxillofacial surgeon"
Doris,Casillas,"3277 Zappia Drive",Mrs.,Borld1995,Oyenoo2oot,US,859-328-2126,"Motorboat operator"
Janet,Mendez,"1409 Vineyard Drive",Ms.,Famenter60,Thae4ohk0,US,440-346-2584,"Database administrator"
Jeremy,Diaz,"4169 Hall Street",Mr.,Lester,oaNaph7onoh,US,702-501-1505,"Telecommunications specialist"
Jennifer,Hayes,"4685 Wood Duck Drive",Mrs.,Noweeks,icheix0iCi5,US,906-428-6481,Actuarie
Silas,Gosnell,"4845 Hiddenview Drive",Mr.,Hosturnelf1988,co9pai4eiX,US,216-227-7526,"Motor coach driver"
Diane,Evans,"2408 Lightning Point Drive",Mrs.,Sinattletle,aeQu3tha0b,US,901-543-4407,"Gerontology social worker"
Eugene,Marin,"307 Old Dear Lane",Mr.,Busly1957,fahp1VohG,US,845-736-9042,"Construction laborer"
Jessica,Bryson,"4623 Fincham Road",Ms.,Whostravion1992,taiph4Cei9,US,760-564-8483,"Prison guard"
Diana,Gordon,"2389 Washington Street",Dr.,Fultal,ohz3eeThoo7,US,361-353-5819,"Musical instrument tuner"
Russell,Robinson,"713 Wildrose Lane",Mr.,Thenswithe,aiFidohti2v,US,313-805-5113,"Tool filer"
Landon,Webb,"2484 Felosa Drive",Mr.,Therser,zoh6lohS2,US,325-220-2192,"Placement officer"
Irving,Lapan,"4362 Brooklyn Street",Mr.,Brover84,Eigie1ar,US,540-983-2702,"Aquatic biologist"
Cheryl,Ball,"3828 Melrose Street",Ms.,Ontwers,ahshahJ5Dai,US,510-209-3299,"Information clerk"
Susan,Paulus,"3647 Ralph Drive",Ms.,Tonothormed85,ohRie2eeme,US,440-243-4815,"Gas plant operator"
Mark,Davis,"4233 Ashwood Drive",Mr.,Havesked56,huya6Ko9,US,712-360-9376,"Mail processor"
Charles,Ramon,"4581 University Hill Road",Mr.,Foreadfat,xe7eib9Ahkie,US,217-551-4962,"Motor coach driver"
Samantha,Johnson,"2469 Golden Ridge Road",Mrs.,Alear1968,ba1Oth4Co3,US,518-288-6874,"Biological-physical anthropologist"
Sara,Houston,"1751 Oak Drive",Ms.,Bract1955,Keepoo2ri6,US,518-577-0543,Radiologist
Gregory,Hartle,"3345 Bolman Court",Mr.,Coll1972,uuthid6Sh,US,217-348-3303,"Retail buyer"
Ana,Miller,"3911 Airplane Avenue",Ms.,Waselighis76,Yoht2ifaith,US,860-874-5791,"Aircraft and avionics equipment mechanic"
John,Reeves,"1546 Fowler Avenue",Mr.,Theigh,bee4soiHach,US,770-253-0248,"Nurse administrator"
Jason,Kinney,"462 Deer Ridge Drive",Mr.,Docculd1986,ai4Aeshee,US,973-579-1220,"Telephone station repairer"
Larry,Strickland,"4018 Clay Lick Road",Mr.,Notholow,eXu5ooga,US,720-670-7325,"Marine surveyor"
Marilyn,Moore,"1834 Roane Avenue",Ms.,Thearment,Ohshahpe7a,US,301-228-5845,"Social and human service assistant"
Thomas,Flack,"119 Thompson Drive",Mr.,Lations,ohrei8aeToh,US,510-463-1571,"Private detective"
Andrew,Bennett,"2652 Adams Drive",Mr.,Buslow59,shei8Nie2em,US,979-468-0483,"Two-stroke engine mechanic"
James,Hackney,"1165 Mattson Street",Mr.,Unry1964,Xoiph0ph,US,503-401-8013,Hairdresser
Diane,Romero,"1870 Stiles Street",Ms.,Lausithe,aePoo1taJei,US,412-623-8981,"Technical sales support worker"
Donna,Clayton,"3297 State Street",Ms.,Shant1963,Eigaet4noos,US,313-970-8273,Examiner
Billy,Horn,"37 Star Route",Mr.,Graccer,Ees0zei4nie,US,708-585-3465,"Furniture finisher"
Eugene,Woodside,"1293 Anmoore Road",Mr.,Aisce1981,mae0Aed7ohch,US,718-717-6865,"Gas pumping station operator"
Richard,Fraser,"768 Wakefield Street",Mr.,Dingtheas,Dohw8shah,US,215-469-3852,Artist
Douglas,Bustillos,"555 Delaware Avenue",Mr.,Havaily,pu4AaReeMoo,US,415-315-5363,"Radiologic technologist"
Helen,Lane,"1324 Despard Street",Ms.,Thadjoble1985,uacizooS0,US,404-768-5716,"Facilities coordinator"
Nina,Hutchings,"4653 Angus Road",Ms.,Quainged,GaeQuuth8ah,US,212-450-3410,"Metalworking machine operator"
Stefan,Asbury,"3190 Pickens Way",Mr.,Noths1990,oGie3eeshee,US,903-393-5385,"Chemical engineer"
Rhonda,Watkins,"4291 Richland Avenue",Mrs.,Soing1980,to8quae0M,US,281-317-8144,"Extruding, forming, pressing, and compacting machine setter"
Josh,Delaney,"2365 Peck Court",Mr.,Gnio1982,ieh4met6Ee,US,949-424-7933,"Railcar repairer"
Phyllis,Fuentes,"44 Berkshire Circle",Ms.,Unts1987,Hesh0tea9lah,US,865-898-5166,Athlete
Travis,Hallman,"427 Leisure Lane",Mr.,Accourse,aewafe5aiTh,US,805-546-0188,"Tree pruner"
Carol,Harris,"2111 Glen Falls Road",Mrs.,Bech1995,Wap3hiegie,US,215-856-6209,"Speech therapist"
Laura,Schwing,"4128 Oakdale Avenue",Dr.,Funt1961,ied7Ze5tie,US,863-595-5127,"Fish hatchery manager"
Marie,Kincaid,"1709 Mount Tabor",Ms.,Empsy1961,Dei3Gie8ier,US,914-495-2213,"Fish cleaner"
James,Murphy,"3222 Raoul Wallenberg Place",Mr.,Wittentry92,Aebah6rol0i,US,203-865-8105,"Gas and water service dispatcher"
Jill,Thomas,"2006 Tuna Street",Ms.,Wrown1972,yahP8heax8,US,812-205-8455,"Food and beverage serving and related worker"
John,German,"3914 Pleasant Hill Road",Mr.,Gristordenty,aiP5jaif1Xee,US,561-996-7081,"Cellular technician"
Larry,Adamo,"2274 Vine Street",Mr.,Whossel63,eerai9ieNoo,US,847-608-6809,"Administrative office assistant"
Michael,Eskew,"4804 Mcwhorter Road",Mr.,Didly1962,ahph9ih5Nai,US,662-517-5724,"Chemical equipment operator"
James,Conner,"2952 Lonely Oak Drive",Mr.,Hatired,phie5Aiz2w,US,251-450-6399,Coder
Nicholas,Duncan,"2368 Perry Street",Mr.,Withnswo,aiXoh2moh,US,810-588-4048,"Data coder operator"
Cecile,Christiano,"618 Carriage Court",Ms.,Saited97,ho4ed5Aicii,US,760-428-1106,"Earth driller"
Corey,Tucker,"3675 Hillhaven Drive",Mr.,Shichis1968,AquaiRei0bu,US,323-912-0872,"Camera operator"
Amy,Hollins,"149 Frum Street",Mrs.,Bromens,Tozai6kao,US,615-350-0853,"Construction and maintenance painter"
Brian,Bevers,"2525 Glen Street",Mr.,Alkincom,aK9oohogh,US,270-349-0928,"Auto damage appraiser"
Sandra,Soderlund,"1031 Ella Street",Ms.,Grindid,shouCh7ainei,US,650-286-4821,"Dental surgery doctor"
James,Wyatt,"3739 Blane Street",Mr.,Aely1960,ogh7oY3E,US,314-650-8526,"Clinical psychologist"
William,Gibbs,"2712 Andy Street",Mr.,Shich1960,Ier7eu2quub,US,605-336-8990,"Occupational therapist assistant"
Kay,Vargas,"3811 Jail Drive",Mrs.,Hicent,oB4sie4oe6,US,310-207-6497,"Personal chef"
Daniel,Cole,"1220 White Avenue",Mr.,Ottly1987,eili3Ceepe,US,361-761-7366,"Theoretical mathematician"
Rae,Crawford,"4481 Sycamore Circle",Ms.,Feroffaces88,aiXoo8kuc,US,701-219-5423,Accountant
Quinn,Snow,"3050 Peaceful Lane",Mr.,Hentireacted1960,od5Oika5z,US,216-394-9339,"Sociocultural anthropologist"
Raphael,Costa,"4962 Aaron Smith Drive",Mr.,Havern,rish5WaiXoh,US,717-742-2329,Detective
Regina,Felix,"2742 Quiet Valley Lane",Mrs.,Chaketherver1968,phu7Cahv4g,US,818-983-8733,Blockmason
Alicia,Rea,"809 Hillhaven Drive",Ms.,Onner1966,hoiPae7chu5,US,323-796-4865,"Publicity writer"
Elaine,Koehler,"1726 Stratford Drive",Mrs.,Elons1976,Thaije9vei,US,808-264-6432,"Dental medicine doctor"
Jose,Payne,"610 Golden Street",Mr.,Gonded,iuceeneeNg3,US,305-649-1639,"Audio-visual collections specialist"
Judy,Elam,"3699 Sigley Road",Mrs.,Feent1973,noo9Aitoo,US,785-582-4774,"Industrial accountant"
Gertrude,Flannery,"77 Riverside Drive",Mrs.,Therith93,Sahthee8Mui,US,706-816-0205,"Restaurant chef"
David,Heise,"2243 Lakeland Park Drive",Mr.,Watiod1969,ro1ohRoF,US,770-616-2290,"Social work policy maker"
Brian,Fails,"4183 Russell Street",Mr.,Defoursated1996,uzoGhail8ei,US,978-857-8597,"Electronic home entertainment equipment installer"
Pedro,Brown,"3117 Blue Spruce Lane",Mr.,Sioned,oxighaez2Ph,US,410-372-1872,"Store manager"
Deborah,Phillips,"1678 Lang Avenue",Ms.,Howits,xoo9Soe3th,US,435-785-3746,Econometrician
Ginger,Suggs,"1297 Cedar Street",Ms.,Mosty1980,eepeibeeN2,US,870-833-3518,"Heavy vehicle and mobile equipment service technician"
Ethel,Doby,"2421 Arthur Avenue",Mrs.,Eaced1983,IFi6ohshuon,US,815-784-7444,Baker
George,Gomes,"2591 Eagle Drive",Mr.,Mayely,ciF1toh7pah,US,734-825-5526,"Employee relations manager"
George,Rascoe,"3859 Cambridge Drive",Mr.,Whadard87,aizie1ahLae,US,623-580-1332,"Holistic nurse"
Keith,Stanley,"1362 West Virginia Avenue",Mr.,Cole1994,Ui8Ohth1ie,US,518-839-1939,Attorney
Katrice,Moak,"2303 Roy Alley",Mrs.,Huselp,EHam7pah2j,US,303-952-4228,"Paste-up worker"
Chris,Black,"2007 Stratford Park",Mr.,Foready,OxeiWauy8,US,812-837-0605,"Support clerk"
Sue,Nez,"54 Victoria Street",Ms.,Haventrus,biiChiung2,US,224-628-6790,"Heat treating equipment tender"
Ilene,Floyd,"49 Sampson Street",Mrs.,Agat1991,aeju0Eich,US,303-594-6005,"Information specialist"
Linda,Mallet,"4623 Pringle Drive",Ms.,Fren1992,aiso6fahJ,US,312-385-5854,"Relay technician"
Irene,Johnson,"2659 Caldwell Road",Mrs.,Uppoing,heingu4aiR,US,585-277-5940,"Electronic newsgathering operator"
Shirley,Lee,"3149 Deans Lane",Mrs.,Fortiough,da9Tainau,US,914-861-6932,Chauffeur
Travis,Bass,"641 Peaceful Lane",Mr.,Pictura,ahfahH0ooy,US,216-391-4454,"Social science research assistant"
Melissa,Vaughan,"4508 Roosevelt Road",Mrs.,Thervanable,YooPeif5o,US,620-269-6146,Deckhand
Gail,Harris,"67 Devils Hill Road",Ms.,Thoter,eeY5faing,US,601-903-9049,"Screen printing machine operator"
Lyndsay,Henson,"2082 Columbia Mine Road",Mrs.,Scurinter,nut9fe9Widai,US,304-523-2991,"Piano repairer"
Cynthia,Gardner,"4068 Point Street",Mrs.,Tocke1960,aCiCohfe2rah,US,773-810-0976,"Refrigeration mechanic"
Ricardo,Norton,"2979 Nutters Barn Lane",Mr.,Goeve1994,asheThei0ah,US,515-572-3476,"Credit reporter"
Thomas,Luse,"2077 Nixon Avenue",Mr.,Vollivind,ezeb2aiw9oGh,US,423-232-5483,"Fire fighter"
Ralph,Mayhew,"4844 Coventry Court",Dr.,Mushoull,sah5Yae0ohp,US,228-224-2321,"Retail buyer"
Desiree,Muniz,"1647 Quincy Street",Ms.,Dord1959,thaQuu9Za,US,267-450-7888,"Licensed vocational nurse"
Odessa,Love,"3239 Lucy Lane",Ms.,Houraples,Seex0Ongeet,US,812-474-0360,"Automated systems librarian"
Barbara,Gualtieri,"3067 Maple Lane",Ms.,Joinces,zio9Aesok,US,256-524-1366,"Appliance repairer"
Bethann,Mund,"453 Post Avenue",Dr.,Emptiou,ieghisue8Ah,US,218-968-3773,"Chemical equipment tender"
Denise,Calderon,"4637 Passaic Street",Mrs.,Tousted,Phaech7d,US,202-282-5861,"Payroll bookkeeper"
John,Henley,"3547 Roosevelt Street",Mr.,Donect1957,ve2eiw9Aho,US,415-459-9585,"Infection control nurse"
Morgan,Schafer,"4660 Twin Oaks Drive",Mr.,Gramptude,ahphei2Nazah,US,231-519-3793,"Log mover"
Kathy,Cole,"3157 Twin House Lane",Mrs.,Luder1964,baiquaiN5x,US,417-457-2528,"Payroll administrator"
Steven,Stukes,"4654 Elkview Drive",Mr.,Lasay1957,Io1ahgosh,US,772-214-8445,"Pediatric nurse"
Linda,Hawkins,"569 Valley View Drive",Ms.,Hableartur,Aph8wiqu,US,617-661-3415,"Surgical technologist"
Cheryl,Villasenor,"815 Pine Tree Lane",Mrs.,Suprenly,eovie9ooK5,US,240-441-0466,"Loan underwriter"
Ruth,Shimizu,"3027 Leisure Lane",Mrs.,Peconesuring,Huo7vayoow,US,805-601-0269,"Video editor"
James,Young,"2141 Oxford Court",Mr.,Equilad1989,ieTh7cohg,US,662-238-0287,"Mail sorter"
Steven,France,"959 Breezewood Court",Mr.,Kationds,oeCh9na5ee,US,620-381-1757,"Diesel engine specialist"
Terry,Hansen,"4630 Walton Street",Mr.,Aftervare,jee4iiSh1,US,801-368-2483,"Sawing machine tender"
Kelly,Quick,"2598 Skips Lane",Mr.,Hatherst,Iep2ahtaGh,US,928-475-5034,"Dining room and cafeteria attendant"
Lauri,Golliday,"2005 Creekside Lane",Mrs.,Phey1982,zie1Ceishee,US,805-730-4946,"Elevator mechanic"
Dorothy,Dorn,"2425 Hinkle Deegan Lake Road",Ms.,Oftelith,oopheQua7t,US,607-217-2575,"Crushing, grinding, and polishing machine operator"
Mary,Thrasher,"3333 Echo Lane",Ms.,Greaboy55,eiTaeTh5aoCh,US,269-763-0198,"Construction electrician"
Michelle,Torres,"1699 Wetzel Lane",Ms.,Somponts,Seewoo9Ieg,US,231-331-2634,"IT manager"
Brian,Hunt,"1981 Boggess Street",Mr.,Ireetwent,Riedohy4he,US,937-947-1679,"Cutting, punching, and press machine operator"
Lindsay,Corso,"1798 Hinkle Lake Road",Mrs.,Notaing,gahX5aem,US,617-501-0592,"Record clerk"
Barbara,Smith,"3014 Kelley Road",Mrs.,Suffese,AS6eeTeech,US,228-365-2963,"Casino cage worker"
Shannon,Squires,"3172 Jim Rosa Lane",Ms.,Timsell,ohVaezah7Bei,US,415-868-2530,"Prepress worker"
Coleen,Morris,"1232 Late Avenue",Mrs.,Corties,IeMoi4Shahj,US,580-735-6753,"Job estimator"
Brian,Cornett,"3008 Redbud Drive",Mr.,Willoved,sheu3Uo9Ish,US,347-738-4438,"Graphic artist"
Beulah,White,"2525 Kerry Way",Ms.,Andp1971,zowaimio9E,US,562-745-3544,"Procurement clerk"
David,Harmon,"2478 Rocky Road",Mr.,Dillaccithe1979,ieBei9ibouL,US,215-691-9761,"Food cooking machine operator"
Bernadette,Byrd,"152 Doctors Drive",Ms.,Granding,Aa5ha7phu1,US,310-443-7592,"Railroad signal operator"
Jay,Walton,"4625 Freed Drive",Mr.,Witill,bohp8Choo,US,209-676-6182,"Oncology nurse"
Lura,Breland,"1780 Lakeland Terrace",Ms.,Frally,Iec4ege3,US,734-325-3597,"Conference planner"
Chris,McKelvey,"3575 Lochmere Lane",Mr.,Oppond,duonoG6d,US,860-444-6614,"Labor economist"
Cheryl,Mack,"3463 Cedarstone Drive",Mrs.,Senou1997,yu6ieV4loosh,US,419-477-0008,"Certified respiratory therapist"
Sheri,Torres,"4009 Luke Lane",Ms.,Peding,eigoh0maeNu,US,580-226-0583,"Addictions nurse"
Miguel,Lyons,"2439 Poco Mas Drive",Mr.,Hichit,xee0Sium,US,214-545-3840,"Cargo and freight agent"
Earl,Starks,"4427 Elk City Road",Mr.,Wrown1984,Sah8hecee,US,318-220-7472,Cryptanalyst
Joseph,Ramsey,"947 Charles Street",Mr.,Neived,ideePh0UDah,US,734-429-4553,"Property custodian"
Krystle,Hayes,"2072 Hummingbird Way",Mrs.,Thisked,Lei0ocahgoh,US,781-993-6846,"News anchor"
Kelly,Mattia,"3180 Werninger Street",Mr.,Therenchat,iFei6ohv5,US,832-735-8486,"Regional geographer"
Carole,Hawes,"4098 Terra Street",Mrs.,Geression,Eenaiyoeg4,US,360-294-9359,"Freight agent"
Florence,Scott,"3241 Tetrick Road",Ms.,Nuthat,Pi2oomohCoh,US,863-419-1890,"Student affairs administrator"
Michael,Austin,"807 Ford Street",Mr.,Varom1971,Ahk3aeY0,US,408-519-1480,"Railroad brake operator"
Ruby,Donovan,"1506 Fairfield Road",Ms.,Acquings,eth6Xaesh,US,262-623-9549,"Clerical assistant"
Stuart,Ross,"232 Karen Lane",Mr.,Mandbarnot,OhLa4oht2sai,US,502-848-8528,"Financial examiner"
Daryl,Riley,"1249 Rollins Road",Mr.,Colith61,hi8oyooRai,US,308-834-2023,"Market research manager"
Ernestina,Nelson,"1461 Cedar Street",Ms.,Saineve60,ieTees9eejoh,US,870-773-9754,"Credit counselor"
Harold,Villegas,"2435 Pearlman Avenue",Mr.,Andshoughter,uuw3eu7aiQu,US,978-287-4318,"Family child care provider"
Lillian,Gonzales,"2705 Jehovah Drive",Mrs.,Hereterving1969,chahG4voh,US,540-542-4515,Groundskeeper
Ronald,Taylor,"2118 Raccoon Run",Mr.,Thenting,Yese5thiv3a,US,206-866-2842,"Music director"
Esther,Parker,"1111 Moonlight Drive",Ms.,Yousky,ohJ7tach,US,609-558-7370,"Dredge operator"
Daniel,Martinez,"1400 Hazelwood Avenue",Mr.,Thestive90,ohWohgh6cohth,US,515-379-6137,"Management accountant"
Ethel,Lopez,"1038 Timber Oak Drive",Ms.,Friter,maiSa4choh,US,806-206-0293,"Community planner"
Sharon,Harris,"3365 Cambridge Drive",Mrs.,Whines,laeg4Ookooj,US,623-853-8768,"CNC operator"
James,Custer,"778 Wood Street",Mr.,Geoplegatill,EaPh4Thoesae,US,985-918-2345,"Lead abatement worker"
John,Saenz,"1405 Stratford Park",Mr.,Hypect,ve7ooZ1Ue,US,812-873-2089,"Aquatic biologist"
Jessica,Serra,"2849 Tetrick Road",Mrs.,Dommondke,Ga0jeil7Oh,US,863-241-7601,"Motorcycle mechanic"
Xiomara,Hewitt,"202 Jerry Toth Drive",Ms.,Prolemare,Sho2peitu,US,907-500-3667,Janitor
John,Rodriguez,"4473 Crestview Manor",Mr.,Reenamen,ieKahshe0pie,US,317-332-8654,"Hospital attendant"
James,Andes,"1194 Alfred Drive",Mr.,Prizing,nieS2eiQu2,US,717-991-9925,Lithographer
Tanna,Shaver,"1759 Washburn Street",Ms.,Winested,sohT9awoo,US,225-388-4001,"Ophthalmic nurse"
Robert,Cannon,"3272 Oak Street",Mr.,Evere1988,Thaethoy6Tae,US,315-364-7744,"Welding machine tender"
Patricia,Blue,"473 Confederate Drive",Ms.,Eque1956,tohW6uch,US,315-695-7118,"Licensed practical nurse"
Andrew,Walters,"3382 Eagles Nest Drive",Mr.,Dictiony,yeitesh6Ri,US,530-685-1902,"Web developer"
Bob,Castillo,"1125 Owagner Lane",Mr.,Firelp,augh3ooPh,US,206-254-6781,"Staffing specialist"
Steven,Reynolds,"4493 Quiet Valley Lane",Mr.,Theirld,faej3eiJo9,US,818-924-9110,"Personnel analyst"
Bradley,Grajeda,"2531 Cecil Street",Mr.,Bleady,iu3aeG5em6,US,312-281-5657,Estimator
Diana,Degree,"2649 Sundown Lane",Ms.,Gines1978,Oosidoagh4,US,512-250-7981,"Staffing coordinator"
Hortense,Miner,"1990 Clark Street",Mrs.,Hasold1995,sohzaihaem8Ae,US,630-986-6966,"Ambulance driver"
Wilbert,Bermudez,"2804 Steve Hunt Road",Mr.,Ancepaid,EenahBeiz7v,US,305-705-3990,"Student services director"
Thomas,Roth,"450 Hilltop Haven Drive",Mr.,Pulithey,ithuo1vaeGh,US,973-878-5101,"Agent-contract clerk"
James,Thornton,"4853 Lake Road",Mr.,Liont1969,raeYahP3vae,US,609-323-1023,"Social scientist"
Laura,Rice,"452 Andell Road",Ms.,Beenot,eeShee6yeiz,US,615-237-0280,"CAD operator"
Robert,Ramos,"4491 Derek Drive",Dr.,Butch1976,dohLop0Eeng,US,330-352-1273,"Technical sales support worker"
Derrick,Hoffman,"4503 Turkey Pen Road",Mr.,Asialueethe,keCh8chaeTh,US,917-282-5993,"Athletic director"
Camelia,Clark,"1175 Paradise Lane",Ms.,Spitied,Fu5eequi,US,909-661-6121,"Accounts payable clerk"
Anthony,Solomon,"975 Snowbird Lane",Mr.,Waystal59,ceisu5aKoh,US,402-675-9099,"Finance officer"
Antonio,Erdmann,"1646 Lonely Oak Drive",Mr.,Hatherst89,VooBiMa3aing,US,251-470-4920,"Station agent"
Nelson,Miller,"4611 Washburn Street",Mr.,Witions1995,Ooni9Quuy,US,225-460-1925,"Merchandise distributor"
Melissa,Bowman,"3550 Murphy Court",Mrs.,Tweattedier,raex3aiCh,US,951-963-4468,"Maxillofacial surgeon"
Brittany,Hedlund,"3164 Driftwood Road",Ms.,Ithey1990,ooV5sohng,US,408-310-5787,"Middle school teacher"
Shirley,Hardin,"3666 Wines Lane",Mrs.,Ficiones,GohMahqu2Tu,US,832-310-0658,"Rigging slinger"
Mary,Jenkins,"3857 Joanne Lane",Ms.,Hishat,Mai0IoSee,US,978-431-8431,"Rigging chaser"
William,Matthews,"807 Hanover Street",Mr.,Sonot1981,EiD4Rei9Ae,US,917-672-2912,Zookeeper
Stephanie,Shields,"2086 Burton Avenue",Mrs.,Badeltudy,boik3Eyaib,US,901-775-5282,"Data typist"
James,Brown,"4106 University Drive",Mr.,Flued1976,ohRie3nui,US,312-698-1249,"Labor training manager"
Raquel,Blackburn,"1330 Granville Lane",Dr.,Broplece,Le0Biixou,US,973-460-2127,"Fiscal and policy analyst"
Viola,Warren,"1400 Green Hill Road",Mrs.,Evety1993,JaeV7hiezah,US,479-306-2432,"Greenhouse worker"
Willard,McGowan,"2962 Andy Street",Mr.,Culatiews,coh7Ye8phoo,US,605-347-9274,"Public accountant"
George,Johnson,"4820 Davis Place",Mr.,Blarand,ir9aeghae8J,US,419-280-9803,"Human resources representative"
Christy,Foreman,"3840 Ruckman Road",Mrs.,Shre1991,ughach1Mah2,US,405-717-8746,"Fiscal technician"
Edward,Strock,"4645 Haven Lane",Dr.,Wous1973,xai4xoiB,US,517-642-5486,"Health information technician"
Shelia,Shaw,"4699 School House Road",Ms.,Keirock,xiFohgie8Mu,US,601-689-0114,"Construction millwright"
Viola,Bowling,"4970 Tibbs Avenue",Mrs.,Sonning,Duequahp4x,US,406-782-0921,Accountant
James,Dorsey,"1519 Hidden Valley Road",Mr.,Throom1976,ahNg9OhL,US,717-291-9146,"Appliance repairer"
Mary,Scott,"922 Tipple Road",Mrs.,Glond1985,su1oeKahhah,US,215-784-2866,"Environmental chemist"
Charlotte,Service,"1808 Jody Road",Ms.,Nueray,eMahgh7g,US,610-549-1511,Playwright
John,Miller,"4963 Godfrey Road",Mr.,Deersomided78,Leekee2ah,US,212-574-8551,"Air-conditioning mechanic"
Cristina,Armstrong,"2222 Ashcraft Court",Ms.,Sontoort86,Iengeiz9sh,US,619-402-3138,"Medicinal chemist"
Lynda,Eaton,"4079 Post Avenue",Ms.,Thingety,ooShe7ji,US,218-961-7488,"Employment specialist"
Robert,Ivey,"3054 Washburn Street",Mr.,Menant1969,ea8mich1Iegh,US,225-389-4298,"Material scheduling"
Robert,Failla,"3414 Hilltop Drive",Mr.,Ascastlat64,uamequ4Ee,US,806-357-2045,"Environmental chemist"
Robin,Rumsey,"368 Better Street",Mrs.,Theil1997,it9Rohh1zee,US,913-312-2634,Buyer
George,Luckett,"3394 Linda Street",Mr.,Dentur58,cae8uvaeRoo,US,267-759-8006,Economist
Carleen,Swim,"4967 Michael Street",Mrs.,Dowayll,aj2Ienohng7,US,713-801-1802,"Software engineer"
William,West,"3450 Worley Avenue",Mr.,Begg1976,teozohLoh0,US,434-460-0407,"Internal auditor"
Mary,Powell,"2734 Northwest Boulevard",Ms.,Othes1962,iPh1ieSa1wae,US,201-992-3056,"Automated systems librarian"
Roy,Gruver,"3802 Jerry Dove Drive",Mr.,Snest1981,shei7Jeing1,US,843-428-0409,"Electronic publisher"
Allison,Myers,"1418 Russell Street",Mrs.,Deprectuod1972,eif1Nahdoch,US,978-936-7586,"Crop scientist"
Anna,Holden,"475 Wyatt Street",Mrs.,Objer1957,ieX3fie2iecei,US,561-493-1138,"Technical sales support worker"
Wanda,Ratchford,"3962 Steele Street",Mrs.,Nevolly,jah0eiNa,US,630-692-4546,"Personal secretary"
Steven,Aleman,"919 Black Oak Hollow Road",Mr.,Reeme1965,aiH5veith,US,408-782-4159,"Control room assistant"
Larry,Rodriguez,"4599 Poling Farm Road",Mr.,Shoemah,Thaidohch8H,US,402-390-6289,"Print binding and finishing worker"
Scott,Walden,"2569 Romrog Way",Dr.,Promys,Ew1zaewoh,US,308-222-8320,"Dance captain"
Sharon,Westerberg,"1072 Travis Street",Mrs.,Noblat,co4Baisij,US,772-675-8120,"Loan authorizer"
Candace,Agarwal,"910 Nutter Street",Mrs.,Brank1997,aav7che7Waa,US,816-216-7486,"Occupational therapist"
Annette,Garcia,"1736 Ferrell Street",Ms.,Swence,Isighie7qua,US,218-345-1477,"Service station attendant"
Helen,Miller,"2766 Maple Lane",Mrs.,Hintaing1979,rovohTha8X,US,256-535-6972,"Paper goods operator"
Christina,Barbara,"2905 Green Gate Lane",Ms.,Yournothed74,Thaidei4h,US,443-798-3565,"Credit checker"
Cody,Choate,"4737 Rose Avenue",Mr.,Froady,Iquaaf1ae,US,504-314-2728,"Personnel development specialist"
Kelley,Haney,"3355 Hewes Avenue",Dr.,Mets1966,ongai9aGee,US,443-664-1094,Firefighter
Jason,Blanchard,"3293 Elliot Avenue",Mr.,Rored1965,quei6Eiyoi,US,206-509-7321,Cartographer
Ruth,Hobson,"875 Simons Hollow Road",Ms.,Liblow,Ooch5ooso2oo,US,570-864-3403,"Chief operating officer"
Clyde,Walters,"3729 Lyndon Street",Mr.,Fromends,Eiy8Oofeal7,US,610-775-5502,"Metal pourer"
Jose,Ramsey,"4468 Roguski Road",Mr.,Randiall,Deih1aeChi9,US,318-324-3713,"Railroad conductor"
Amy,Rogers,"2582 Reel Avenue",Ms.,Layinnecage,ii3uQuie,US,505-377-1658,"Community dietitian"
Stephanie,Tracy,"3491 Wildwood Street",Ms.,Whatedou,La5ohyesh,US,330-760-0016,"Urban planner"
Carolyn,Jones,"4691 Harley Brook Lane",Ms.,Sired1986,uP2inoh4,US,814-598-7608,"Power plant operator"
Virginia,Starrett,"3365 Birch  Street",Mrs.,Notholl64,Dae0ed1dax,US,915-730-2582,"Personal financial advisor"
Lucy,Fernandez,"3428 Browning Lane",Mrs.,Eize1977,aiTh6uh8Ye,US,607-756-2662,"Front desk clerk"
Anthony,Robinson,"4778 Gandy Street",Mr.,Thwithis74,uuChoo8ei,US,314-994-5919,Platemaker
Ronald,Bovee,"1531 Garrett Street",Mr.,Etted1957,The1eeJ4ee,US,267-987-2087,"Data entry clerk"
Helen,Smith,"1981 Anmoore Road",Mrs.,Sysion,Aelohxi4,US,718-737-2548,"Wildlife officer"
Cheryl,King,"4800 Heliport Loop",Dr.,Themart,phai4uy2G,US,812-703-3996,"Copy marker"
Kenneth,Woodward,"801 College Street",Mr.,Bountiturill,pohPhae1A,US,404-379-8847,"Eligibility interviewer"
Barbara,Baily,"1550 Par Drive",Ms.,Picted,auH2phu8Vai,US,805-777-0513,"Maintenance electrician"
Marjorie,Vanlandingham,"233 Graystone Lakes",Ms.,Limoughted73,iziesh3Di8,US,478-488-0080,"Administrative office assistant"
Eileen,Clay,"4274 Simpson Avenue",Ms.,Ardiattle,Vae0vohch,US,717-957-2045,"Appliance repairer"
Jennifer,Ross,"2766 Poplar Street",Mrs.,Clorge,Yeitai9ahbai,US,708-798-5318,"Occupational health and safety specialist"
John,Berry,"3192 Patterson Fork Road",Mr.,Lierearmeng,quaV2ahb6ai,US,312-582-1888,"Veterinary assistants and laboratory animal caretaker"
Mark,Gibson,"2069 Briarhill Lane",Mr.,Herringen,thau8sooPa,US,330-276-7031,Gemologist
Donald,Walker,"2107 Canis Heights Drive",Mr.,Poeth1975,aepheaW9al,US,213-624-1472,"Speech writer"
Patrick,Ball,"898 Ashford Drive",Mr.,Yetlenownew,ChohV7OhTh,US,703-699-6238,Biostatistician
Joan,Saunders,"2382 Hood Avenue",Mrs.,Hisonecks97,Oohoh5iep,US,858-642-1925,"Rock splitter"
Irene,Hughes,"1214 Dennison Street",Mrs.,Mintonly1967,ohP2ahf1c,US,209-473-1708,"Refractory materials repairer"
Donna,Lord,"2842 Locust View Drive",Ms.,Samightme1983,shoh8pu1Ahv,US,415-876-2317,"Sawing machine tender"
Kyle,Wegener,"4655 Java Lane",Mr.,Orout1987,aequah7Quo,US,803-534-4928,"Office clerk"
Catina,Dickson,"2435 Wakefield Street",Mrs.,Sull1988,Iekout4ie,US,215-430-0333,"Inside order clerk"
Daisy,Dominick,"637 Emily Drive",Mrs.,Saidine,eakahteSa2,US,803-936-8939,"Airport terminal controller"
Mark,Barber,"3955 Pick Street",Mr.,Plabou97,Ou0olohw,US,970-614-3893,"Deputy sheriff"
Elizabeth,Batchelder,"4910 Owen Lane",Mrs.,Orels1998,aenoh2Peib,US,239-200-1401,Adjuster
Linda,Fudge,"634 Freedom Lane",Ms.,Whicily,yoi0goeJ1,US,209-465-6745,"Meat packer"
Matthew,Casson,"1405 Stratford Court",Mr.,Sous1997,UcheiS2Coh,US,919-791-2248,"Employment and placement manager"
Katelyn,Crawford,"1794 Mercer Street",Mrs.,Ireetwent,Chio3ood1,US,715-678-8596,"Central office operator"
Marcelino,Vineyard,"389 New Creek Road",Mr.,Cates1967,ohlei2Yie7,US,256-848-8990,"Employment service specialist"
Timothy,Cybulski,"3826 Irving Road",Mr.,Nothavehou,me6tohMie8,US,740-513-5516,"Automotive service technician"
James,Wilson,"2168 Newton Street",Mr.,Theiver,ahsae8eiPa,US,320-294-9711,"Field sales supervisor"
Steven,Cook,"2649 C Street",Mr.,Beecomen,YiN8ahfechoh,US,508-338-7867,EMT
Elizabeth,Pankratz,"2821 Timberbrook Lane",Ms.,Knotans,koToo2th,US,970-261-2173,Pathologist
Mary,McKinnon,"3017 Goldie Lane",Ms.,Bery1963,ohNgah2eeng,US,513-395-1852,"In home service professional"
Richard,Shearer,"3018 Young Road",Ms.,Asubtend,aic5DeeSohTh,US,208-512-6606,Electrophysiologist
Jacqueline,Ruiz,"3192 School House Road",Ms.,Therve,UichaiH8Ier,US,601-720-5060,"Arc cutter"
Linda,Youngblood,"2318 Deans Lane",Ms.,Platenigh92,Ahch5wei,US,914-860-0677,"Train dispatcher"
Michael,Rockwell,"462 Raoul Wallenberg Place",Mr.,Fend1994,tai5foNgae,US,203-884-7894,"Podiatric surgeon"
Georgia,Clinton,"801 Charmaine Lane",Mrs.,Thathis,oMei5Mah1ie,US,806-463-5322,"Tire builder"
Michael,Xiong,"4287 Snyder Avenue",Mr.,Stentigh,Roh9Wai4,US,704-615-7229,Epidemiologist
Viola,Bustamante,"3620 Rogers Street",Ms.,Suldn1984,shes7aiG0ph,US,513-484-5826,"Market research analyst"
Richard,Jenkins,"2261 Florence Street",Mr.,Woung1960,PaiCh4ah,US,903-537-3187,"Roof bolter"
Alfred,Campbell,"4293 Terra Cotta Street",Mr.,Prifid,ooChaiw7V,US,218-583-8804,Hairdresser
Dolores,Miller,"2278 Raccoon Run",Ms.,Uppound,Cie0Eizie,US,206-870-6040,"Department manager"
William,Mann,"4192 Woodstock Drive",Mr.,Comageat,ip5iNohqu3z,US,626-504-8127,"Log sorter"
Joan,Bonelli,"2115 Brown Bear Drive",Mrs.,Thavess1978,moobei6Ki,US,951-679-9866,Blockmason
Kathleen,Hart,"1022 Half and Half Drive",Dr.,Frisay,vae7reiCee6,US,561-234-6203,"Gynecologic sonographer"
Willie,Kaler,"1953 Winifred Way",Mr.,Lifear,BieLi5eLie1,US,765-629-3630,"Business management analyst"
Roderick,Mathews,"826 Columbia Boulevard",Mr.,Sile1994,ieFor1eiQuoo,US,410-497-5977,"Service station attendant"
Cary,Hooker,"4299 Essex Court",Dr.,Quistrace,ChaeXee6Oo,US,802-289-9290,"Skin care specialist"
Rosa,Morrison,"4423 Lang Avenue",Ms.,Empting,ieNgaenie9,US,435-774-6898,"Civil engineer"
Thomas,Hill,"4243 Lowland Drive",Mr.,Nothem,ezaek6Mie2Ch,US,815-369-2396,"Staff development specialist"
James,Hudson,"3413 Fowler Avenue",Mr.,Doned1969,Cha5shi4,US,770-261-1280,"Appliance repairer"
Raymond,Powell,"159 Pheasant Ridge Road",Mr.,Armingthare,wuH7goZisie,US,215-581-4598,"Livestock farmer"
Monique,Philip,"2689 Deercove Drive",Mrs.,Upoessiond,aeZ7aeghiYi,US,215-203-3971,"Agricultural and food scientist"
Melinda,Doyle,"4575 Pride Avenue",Mrs.,Sedis1957,OFieng3ma,US,718-361-7447,"Quality control inspector"
Juan,Beck,"3554 Cody Ridge Road",Mr.,Woud1984,aeyieMai6oh,US,580-498-4495,"Armed Forces"
Helen,Farrand,"4985 Virgil Street",Ms.,Uniscomen70,paiMaishoh5,US,850-299-2064,"Convention manager"
Patricia,Hogan,"1630 Lightning Point Drive",Ms.,Dicable,ou0OoT0oe5n,US,901-566-4087,"Radio mechanic"
Christopher,Luther,"3658 Deer Ridge Drive",Mr.,Fithate,Unush7ahveax,US,973-574-0970,Translator
Jo,McGaughey,"253 Reppert Coal Road",Mrs.,Requienot1986,Aphoa0rei,US,601-218-5178,"Purchasing clerk"
Lawrence,Johnson,"134 Rubaiyat Road",Dr.,Awfut1997,ux9oog0roW,US,231-697-1066,"Cutting and slicing machine setter"
Bonnie,Jones,"2828 Farland Street",Ms.,Theireses,ich7Weix9,US,774-222-5662,"Dredge, excavating, and loading machine operator"
Crystal,Reese,"3192 Cherry Tree Drive",Mrs.,Younifen,saij2OoY,US,904-286-9664,"Admitting interviewer"
Bryan,Smith,"2771 Shadowmar Drive",Mr.,Hartan,Aiwahw4enu,US,504-841-5276,"Organizational development consultant"
Laura,Plunk,"1577 Terry Lane",Ms.,Cappencond,Aey8Aej6tei,US,321-262-4766,"Gaming investigator"
Stephanie,Miller,"1243 Armory Road",Mrs.,Fromed,ahcaeFaXee0,US,910-671-1582,"Group exercise instructor"
Alan,Ramos,"1718 Airplane Avenue",Mr.,Hispeauncer,Buo0ooChoo,US,860-879-4500,"Localization translator"
Cynthia,Green,"3512 Del Dew Drive",Ms.,Amettelly,siec1Ofoh,US,301-863-9251,"School social worker"
Mabel,Keeney,"3780 Pleasant Hill Road",Ms.,Wousidersing91,Iesah6iw,US,562-204-8009,"Kindergarten teacher"
Thomas,Jones,"3833 Green Street",Mr.,Wrintrah,Eishai4efai,US,615-525-0128,DJ
Mary,Shutt,"1595 Leverton Cove Road",Mrs.,Ontepairt,fai3Bejoi,US,413-334-6379,"Water transportation master"
Miranda,Shaw,"1760 Hillhaven Drive",Ms.,Jersat,ahr1Ohth1sh,US,323-928-3578,"Data typist"
Martin,Mosley,"3294 August Lane",Mr.,Hispen,quaeM5pu,US,318-433-9043,Dressmaker
Gerald,Gabbert,"3389 Watson Lane",Mr.,Toodis,Paiw3ooGh,US,828-859-7394,"Athletic training instructor"
